average_yield_2015(kg),average_yield_2016(kg),latitude,longitude,number_of_colonies
38.476392035618410,25.267041064629868,51.474306607157374,-121.3546423,55
29.770751555724210,20.673628219861559,51.228939619473785,-121.3137075,31
40.740186582291869,23.567837416102488,52.385021027029794,-122.3296317,87
32.359492669599618,31.306201213031482,49.112650768193291,-123.9670811,99
28.064031713884432,3.053948771406302,50.303274481752375,-120.4162311,26
29.268233730552943,27.172460967804458,51.575227335065073,-121.0871721,56
43.121908276207229,17.243469166530854,51.870677095925217,-121.1827507,26
23.210374655971759,23.376852940346591,52.514010785185228,-121.7256885,71
38.471946636541276,12.076553464005945,50.096250381326612,-115.9851256,45
44.050074114386156,31.975908992488417,49.653066146609618,-118.9496503,59
39.849050393418096,22.681565742369436,55.370382292325274,-126.702833,81
26.215518389340222,22.251077504425613,50.463995220860930,-118.4044175,54
29.766839738568816,13.898297855777772,50.280566131761475,-119.6655333,51
23.363985467768337,33.730969422553422,52.307670077764023,-121.0182618,74
34.061509865889512,28.382251113592986,53.592700324695691,-127.5351261,36
43.205463061377053,28.139115064480244,50.060874057770022,-121.0972039,40
38.506796566325121,24.368972108469517,48.612995030808555,-123.3421211,89
26.847810637269841,37.989839624095637,49.516220816227019,-120.1899587,92
32.481387259771047,22.849197236234460,54.249502675747230,-126.878166,42
48.109285738155492,29.639837481684669,59.259131796355895,-123.859542,51
35.693810503101730,41.228281203824814,49.707237677382764,-121.4828194,80
21.663232176605081,17.994310757172236,50.897159093138114,-118.8605072,49
43.850355628623333,7.718422964848132,51.606561170629185,-121.0045581,36
25.033157585691669,25.897542875605332,59.412877844448381,-120.138409,42
18.896996207979051,21.866683610456612,49.140015829047172,-123.9321554,97
35.347768272013056,23.575424856844872,51.073864561955006,-122.2571346,61
20.763313394497835,31.206407648816640,51.595954801247920,-122.1425782,50
36.092677976448414,28.176357047203144,52.310168674488352,-122.7098691,29
43.283727144313929,22.806588192060676,50.488561231048138,-120.0382163,37
20.482151862400116,10.611391615577480,48.428476697735498,-123.2314732,77
31.687398242833261,27.862242981539083,48.835556346631975,-124.6246988,87
33.112544408729747,29.255206226920730,50.981439075173014,-122.3929561,73
24.523755891963933,19.534164039417853,49.769244183149979,-119.6388188,37
19.497723955512409,23.265265393668095,50.599004231639505,-121.3951715,39
32.262721125686198,12.886785126555298,51.190917315693106,-122.9103771,99
57.103985938900770,33.293930314700091,50.661932730523567,-119.3906733,34
31.742098062798874,27.637225617348829,54.892837425507608,-123.2033924,43
40.624195916979232,30.555333388701474,49.491466503429521,-121.4718518,39
25.415525478207851,23.311476918208211,48.993646844758828,-125.0921011,58
51.582011066880931,25.125640173087259,52.249375258852019,-120.7682258,69
35.033297687590483,18.595607461199787,51.869925506890418,-121.764272,96
32.644997402727988,18.817195400634382,55.990036846733155,-127.3850556,42
32.052259564171678,32.035330329265200,51.916807841942124,-122.0333348,89
23.129179220776390,40.105845949669281,51.102472438872788,-122.39154,49
29.533226743932872,39.666190256847607,51.239594404510981,-121.4786629,75
32.307310052898600,30.524098371631489,49.280774444659208,-122.4332988,87
26.710450241329138,29.266345924310485,58.351761307139313,-122.036965,84
41.352686070970343,28.433065444202594,51.494604751869041,-121.6959852,67
22.977924744320358,-1.78331081,52.156027149133479,-123.1255959,83
29.543829581074196,24.604542154946586,50.000384982714081,-118.4512491,85
34.627008709289562,28.890882827915330,49.839781397346158,-119.0695939,98
27.982457958885945,27.998852111357163,51.399395136795768,-118.7513821,39
36.557184745191975,25.853266762371053,49.463600833193446,-123.316728,36
32.698659503231127,29.588375728422218,50.183381635021966,-119.745493,72
39.014755861409441,32.395856158546366,49.812232978994906,-121.3665707,45
32.316852941628525,31.972188137209908,50.127321813341446,-118.4680503,96
17.094870528365750,23.100188024327782,49.558866517830424,-119.4253566,58
26.607434655873821,41.032408522803728,52.349205243356366,-121.6114999,84
48.059314308463883,22.863471626771961,50.043536541688951,-126.7939696,94
32.313663231939678,14.936547631663343,50.397332226129961,-118.6772549,89
36.666813831516286,27.562003292368711,51.668041822122241,-118.3368597,61
51.191950069217015,16.562252264791415,51.648561508717847,-117.1812163,90
30.700167849901707,51.063692057339992,49.030135737274456,-118.9186192,27
44.589880705581770,38.590176210279012,50.765455185070536,-119.3749971,78
21.862442427396108,14.477294738480602,51.238334888378546,-119.800752,25
25.928224540714734,12.135723271141662,49.997522394625435,-120.51923,75
10.504444187097087,21.511965331161388,51.300478727497818,-120.9003213,62
28.364633401991902,33.914163218844912,51.296772624766888,-122.1707787,31
38.203360775910532,21.041601608860482,49.254946540772593,-119.9779049,65
39.088799246814609,26.980160686600488,49.297009218666368,-119.6259494,24
25.464031363115094,21.608555995484569,50.739424936640013,-120.0294571,50
35.571976589785223,13.178402041408980,51.025079357232947,-120.3072668,41
34.958056596657045,-9.275078729,50.011866732352203,-121.4335757,26
41.834684391756937,24.708812902100188,51.054628166307701,-121.8688884,96
30.054962508142069,26.356354713538902,50.934967616693768,-120.7951537,73
31.659891144590837,22.667777303866288,50.206266112419385,-122.9023983,54
27.124560249141201,33.968542070768422,51.653483622959861,-121.806086,69
34.059806160926541,8.702557577386079,49.775631888889166,-119.5640399,57
22.849566335160933,18.743518666132921,51.905315163582415,-121.6217663,69
43.844491760020496,25.098708508724400,50.541362264446647,-119.9470093,25
24.696616683697037,12.847046148376959,49.886794398177791,-120.5421414,50
37.302908858651506,27.591461567049908,50.947720916091747,-119.7839333,62
25.451601753663308,26.857402505012352,52.476427997978838,-122.7525187,61
33.693043074930792,14.913692683800230,50.983611281009360,-118.7534127,71
28.194468339782478,38.105185797962775,51.266287805314725,-120.9804817,32
42.775299221148046,27.193757219950040,50.023732925059228,-123.4122571,26
35.902450824639850,37.387642081951746,50.451948515508576,-119.6114513,77
39.659019216657718,29.529904321928427,51.236939029002606,-121.1666136,32
35.799332522679016,23.612366905419393,50.779811567764810,-121.8573097,93
29.227953010338613,25.505590919473104,49.846685731122271,-119.6067487,32
44.349503619918259,22.572944088489294,49.078877109958491,-124.2445864,57
30.259598194142729,25.311055540124556,51.005391140117140,-122.1008075,39
48.802508032083395,20.690941938089139,51.436409784493314,-121.2612045,67
37.229378496350442,17.178853047259086,50.253375479199768,-121.4156392,69
35.863103992424101,42.358552580165046,52.005625901405111,-121.9263299,25
43.557956771549499,15.993897304473972,50.169338708722805,-123.212583,75
18.165809457649697,0.631545231,50.064547339783729,-119.5857086,43
18.944403587567884,31.926241091315664,49.627002536982012,-123.3663157,76
39.959301473956963,5.653670574692229,50.278276414529230,-121.5281813,21
32.838627513399018,9.500664692035478,55.515566573164286,-126.2783623,54
21.271523168906050,20.550722831747667,51.061124227710437,-120.7111848,56
39.361655600213140,18.934164593176998,50.843068064395169,-121.4059062,67
20.585847752500939,16.265726133716850,49.628545582995145,-119.4208723,96
21.219314033681318,17.856272078522057,50.836097011811141,-122.1581507,29
60.009665050592865,9.298123039410305,51.913760203000642,-121.5057172,20
4.085216227003784,11.200979612636408,51.232049975986378,-122.3078837,75
38.731273133764432,17.893527761850940,49.706132688298446,-120.3347616,45
28.466732149385564,17.811909626690049,49.901537059457610,-119.0601675,31
39.654499315189710,13.286967711252748,51.315781640479031,-120.4529228,40
33.527438193668296,15.667958836036412,52.990203943260106,-123.1103052,53
18.135744660483766,40.481617031866726,48.896589107006641,-124.35239,95
27.333287568909817,3.652703173386080,54.343735189726516,-128.7295843,94
13.659852084555892,22.628588663877199,51.873220144457555,-122.7525096,25
18.954106506532561,14.281486015620015,49.208810927043146,-121.9921949,44
35.465213933429375,25.715432255800046,51.288983098759878,-121.0850524,65
27.470080052233179,-7.663385231,50.258414206205344,-123.3040612,25
36.572621854585407,21.376116591850035,49.421925039826995,-125.7844478,56
29.903769731726708,51.130828739378174,49.258314197789431,-119.3220886,89
24.709572553124758,20.685025297253631,49.017227230915630,-124.6840196,53
13.736270123794784,23.139866147963822,49.553365795412397,-121.3142168,47
25.196197931338364,23.072743955351477,50.407182348930533,-122.4852476,34
35.808016724204805,10.942215076561054,49.156137842528821,-125.3070428,49
33.355261663643908,22.523760626530404,51.099089847393131,-123.5533534,26
33.899436238132360,21.363299355712059,49.467397061281623,-118.5216834,21
43.476132920790576,8.746665708052408,50.155957498534903,-122.7135116,37
43.848329410820590,17.916277248324814,48.861608144407327,-124.6420908,32
34.347780380816175,8.169528828064886,49.286489347726629,-124.2707177,50
32.366929521250363,21.577560282905079,50.605012639414944,-118.8845458,91
37.953458688673201,19.669445566626155,50.619303401098733,-121.7882906,100
30.532918233729742,32.140416496769383,49.838876005066673,-121.5327001,60
27.559947033558224,15.352241310183794,50.636240293149569,-119.6781537,22
26.633199201031424,44.113329958143481,50.137028270308555,-118.7389225,100
46.827048238241872,39.974791798863656,50.245531955556686,-122.6846542,25
6.802829204920879,12.414917633836797,49.249704446379255,-125.0455921,99
8.515738951565794,-0.581356221,51.260288180916092,-119.1943436,79
28.113683460916430,15.288904080538099,49.638215289766585,-121.3329548,64
38.102945610475750,18.162212865735260,56.433962352104714,-120.3793948,87
34.257197925402437,16.717887050074054,51.397957933139644,-122.0496959,28
23.224056794917541,15.019661585494017,50.163366499777226,-119.1818372,85
45.050169354063883,25.290362786563946,49.843111019419410,-123.0516061,81
41.902649589012732,31.226844434072348,50.472156845821637,-118.7947101,45
31.206050842082668,4.296837754324166,50.044830849339952,-122.7950024,51
20.250236652131878,25.021163190841122,50.360467537912541,-119.8821067,91
28.385293041224763,24.981918142769828,48.715771121023778,-124.7136763,30
28.273272355112329,13.587437754197614,52.118552609271589,-121.0473184,71
35.146918692532608,16.334669588306927,50.023738611177833,-119.2711238,25
23.072229908089533,29.950730637187608,51.528428689563526,-121.3050861,80
29.136518542141371,-1.698410415,50.617720548416038,-119.3014589,86
10.347851030740134,18.855835729722067,50.466022303794958,-118.8109462,53
23.575355174983027,21.814475862707063,51.293473830713779,-120.8222557,79
30.355448135734182,27.705930081925086,51.370656982345487,-121.3977519,36
42.335522547027828,26.842622237283535,52.273098293249561,-122.1766323,42
39.773113561432041,13.959168941777117,51.784270142442111,-121.8489378,86
35.476025814958227,35.199911496472716,49.201800600317050,-122.0160649,52
34.895766440959285,37.654987225296090,49.884144366073372,-120.081282,96
29.103381835620244,4.010241456107385,51.392067735652688,-121.3784605,88
28.511120299613012,26.203078512948739,52.137629395209260,-121.5450006,23
39.934974537256018,29.617839373532796,50.820241732586624,-118.7153279,34
20.745123840921835,21.972780714791309,52.595987848927194,-122.2210975,63
40.230663387282384,12.046122171492657,52.775087593795675,-121.4103477,84
41.189446010659999,28.319947461211989,51.449887228639426,-122.097761,79
49.599219370745075,41.152459662959011,53.451152101019836,-127.7894433,58
42.621117105905867,16.473801822013652,51.302214591360098,-122.8475975,73
30.713672014866081,18.439409060378292,50.282917241545832,-119.2210069,76
27.537685564744638,23.498197964988339,51.411473036114849,-120.876391,96
20.311157004316879,22.537883656178039,51.608170164438100,-120.5840881,23
31.770775315577822,16.110200231340514,50.066208143103822,-122.829495,88
27.809050386529066,48.611073583415653,51.504839621068768,-121.5394426,99
36.288664151347156,16.036961080297221,50.370034209998487,-123.3882685,72
38.810849317274851,18.069667051445887,50.136300778292636,-119.1343139,85
24.942982443639519,27.192826651720772,50.737684380205003,-119.3739529,88
29.865660599557593,7.158829167471859,49.758753447927155,-118.7050475,93
29.261914620075157,20.385892625122050,50.904316381300511,-122.0576806,100
20.343681453952673,29.471875350818667,52.260440693530334,-122.0195753,97
26.012752780805457,7.555068441827934,52.125556432876650,-122.0916786,31
26.714091019379634,26.266638529776102,52.626236049573023,-120.1810247,22
40.496377713538365,19.730489746310020,48.447085155161375,-123.507029,43
25.700672378916057,25.940822850763876,49.046013358605443,-120.8721023,76
19.051753855960410,40.561669055521605,51.834022943679443,-122.8339632,88
47.102806876813702,32.986168932523640,50.025711014860178,-122.5582055,31
44.212304382573620,38.031371139044204,52.259006849377684,-121.1198559,49
38.153383098993544,24.023794012689745,49.874979233869013,-118.558586,62
43.059821461446973,12.117383056400195,50.041490082607055,-119.0308047,40
50.161014343116690,33.998340097372981,49.359903170887392,-118.6269412,56
29.585111617095915,50.000693940029763,48.870303002456787,-125.3470112,81
42.738020923262326,30.323610611574928,50.936008012524425,-119.8748898,80
33.173865730464343,30.235502647312646,50.861196273958619,-119.4778295,90
39.173870570510708,17.149810483843069,53.752404425082155,-121.7880149,58
24.757261410867823,16.513718021643040,50.718503273860030,-120.154763,73
25.858459260541430,14.676931689576440,49.960375507485374,-120.4690213,67
18.466656539247985,39.227411038564107,49.711029025911472,-120.9033536,33
35.899289309539263,31.513095091557151,51.040138270978247,-119.193065,36
30.596986975990347,28.564727438473312,49.661850749891997,-118.7121245,63
46.607561115088664,21.837142628233611,51.142114933701137,-120.1379736,49
49.265470428942194,22.207297924727346,50.511783753374452,-119.4152483,93
28.712542340865582,15.725602364739592,50.094773517199144,-123.4913964,39
38.551712108750827,10.052838613454528,48.909495793413789,-123.5308266,82
43.666827028734637,28.134811973624910,50.692057108316760,-121.5787581,20
34.864455797770255,20.529693170507333,50.826943660347666,-121.5925669,42
17.814302816656568,31.775816243862952,49.633638583042661,-119.5307512,70
37.100868022527337,28.854322588019933,50.068643386456884,-121.4476372,94
32.902267597733093,26.425390180638487,50.140439834648433,-122.9596789,48
18.137652230641788,28.176238850692751,51.037942726453778,-119.4045203,92
26.343180796865951,32.280249458117005,51.860849910865234,-121.0844356,48
31.012992257850367,36.228792236134765,51.763881791168807,-121.2646898,86
39.826794422014686,10.076054568683171,48.630616118789433,-123.6800013,76
45.835941133755149,22.093809837534661,50.800015407082185,-121.9669396,23
16.400823534893114,26.153513675571201,52.593844227192889,-121.7400287,39
17.016139891006098,10.812825142936401,50.267747643414573,-121.341329,34
24.493868104885447,19.927552458069108,49.318458214397673,-125.311255,83
24.376732731381331,6.687054058678594,50.447502211876156,-119.5402486,44
15.719123338107281,10.375500642918611,50.616849385797067,-121.6665615,34
10.545005654232657,15.713781422094897,49.484158890352120,-119.0797394,64
42.108015700656210,26.613772554694791,51.007153262407769,-122.206765,99
36.518038833912705,34.220936968606146,49.976425634484997,-121.0272686,40
24.809309895168109,25.343627090757959,52.886431706354145,-120.8479788,43
23.057134767277546,11.080212149436328,48.592940646432595,-123.5461518,60
30.784766513697416,21.078082428534724,49.660924651865059,-119.4467866,60
39.827964303303602,32.378966345077139,49.645020939449331,-118.6702094,100
11.928396098761755,-3.747227287,53.757431048107911,-132.3058527,39
42.309423745640601,19.416843590925289,49.951198471750963,-119.325167,67
18.415102382010598,48.128622220338237,50.697168102781767,-119.7136664,70
51.217032360975480,29.316654747906526,49.792431768054819,-121.4515263,57
36.204643926273306,34.068317376701181,50.236590970590008,-120.0701469,43
48.906748508500044,24.188840568228510,50.488363912464408,-119.6066974,43
42.242226220531364,22.298653198427424,52.190824725328156,-122.0904988,79
13.986496266677603,32.017862349679838,49.451339796618008,-120.8114689,76
36.489464711298019,24.022980789638424,50.784951790592963,-120.6718914,49
28.448361991793483,36.747459675049861,48.708206830238780,-124.4827056,39
17.577603673334991,18.740095101684112,48.960249588832369,-124.4560856,33
14.943494206594519,22.771936565121148,49.812422500244395,-121.0858478,93
6.222261715305576,13.315311493587918,51.875850117643239,-121.82954,48
41.310840867929564,20.112104792335721,49.220293275528142,-124.245857,77
20.214761169610142,26.234547285030867,51.069598071834307,-118.9652268,61
22.316677862277416,28.231492814405353,49.472339467729100,-123.1590493,43
34.401841329720860,8.567216463296294,48.367002737606555,-123.6757386,32
45.660109898176295,6.456935664938531,50.543088517371601,-118.5306916,75
31.398668118606519,11.350051758682621,51.541366491826892,-120.9390553,85
30.102405871985063,35.871259118943385,59.514591495034473,-134.7121839,35
33.365184955108823,21.393840517484634,52.580328283497771,-121.6230057,99
38.769636311816079,12.883027414072950,54.154590863958234,-120.0837386,31
29.878300394837783,21.581240552821832,50.491981970518843,-119.2519779,22
20.949347955616748,7.578349581104612,52.427766238309680,-121.8237042,72
34.203572639040388,20.480403473757466,49.788738986869738,-121.4399489,22
19.111759899484657,25.216653094882137,50.075554921876609,-119.3265798,79
53.302696477830239,5.734259033995794,53.452837444977327,-127.504363,26
49.105222837971489,24.046152388431807,50.910281657573009,-121.4633515,47
22.553003372579212,17.488591707900824,49.757571458988799,-122.0925455,83
43.626175228240825,26.795080668809035,48.463950227897421,-124.1393245,88
16.270152035027788,15.904980076751425,49.412846768557401,-119.0259908,77
30.502554913104746,34.358761311626495,52.132097263191277,-122.3122714,86
36.524707081935993,14.616271158624894,50.192671343267456,-119.2583552,27
23.232762689119490,41.581170272814425,51.728388014820148,-121.5665542,44
36.088709993208894,16.859670852982166,51.301295936111039,-121.0469269,86
16.125476514370224,23.053718210302225,54.489595601889292,-125.3324182,62
31.916221407452632,29.675518703815904,50.797897921094062,-121.5991085,35
34.882077867138072,32.699311126762922,51.477354166392075,-121.8390254,88
37.873335562052056,31.412107795663939,53.968354805864507,-121.7703947,65
31.613327075330478,22.041866741957712,50.709055094085635,-121.1984607,60
29.659893606577974,12.298034217759538,57.227839024928024,-130.6022631,58
31.958249472802617,21.429803123990627,49.749539791950603,-121.1343395,36
45.216004131581258,14.609642369978836,50.798825594168221,-122.701758,73
35.849601359164140,28.934733163463651,55.516981697094657,-126.0082023,90
12.552768740847622,27.279134636798840,49.290942214664241,-124.6687634,46
27.543729701115854,33.839301600269842,51.478478971736685,-121.9979465,91
36.382247605250789,30.458659994721209,51.170993388123620,-121.1103466,92
31.781217463662308,14.720277206955672,55.501985815954704,-123.900042,97
45.092026634216360,17.258376319921144,50.273164399231412,-121.2149093,58
32.606423190450698,25.959043759297156,50.217944293348495,-120.4469367,99
47.983513695190176,25.080464500594339,48.944070355039202,-124.1761772,88
37.712561148239018,27.833580550093828,50.599563894421593,-121.3400329,82
47.231947112654218,10.631357450456756,51.479680027963155,-122.8621373,80
39.479868298042440,24.625804635315298,50.252576611818675,-120.0118564,95
20.855403168065816,20.488897922511438,52.283997938871082,-122.0034577,98
37.767392848654026,9.459028375139177,51.282806688497715,-121.6501707,73
43.388712050897851,24.362356504026376,52.543650184192856,-122.2521818,24
28.160241501253456,36.829295436878979,50.588134633354002,-121.2539686,32
36.746027194554287,-1.871413291,50.675265423958514,-119.7770945,70
43.444397131415585,45.483522705119277,51.164526486485997,-121.3654632,32
52.179195384063007,33.926657914804849,49.567889597686950,-121.7402569,37
22.574767660240379,32.183788032386289,51.650403424014961,-122.320785,81
34.183467421810818,23.159684852910939,49.972859075207936,-122.5906014,97
22.996775782716064,15.114566488359531,50.055736633557686,-119.1940559,69
44.509406052615027,13.686352866568576,49.140638897259848,-123.8656869,86
23.661686051893831,26.597264635200222,49.232309109112023,-119.203923,69
30.776577827377235,34.440869171521349,52.659745445248262,-122.0116486,78
34.449237010612613,-6.763104174,50.942204708120961,-119.7393226,25
44.785556168571027,17.812080672548912,50.389033775829532,-122.878185,48
38.261467543674321,35.353196400606286,54.809763229186792,-122.425842,35
18.078154639835233,18.931774414133407,50.371757880694304,-122.3372586,22
31.669025399672439,21.149232619700658,50.960462442828330,-119.1734332,39
20.434367169961295,25.445606220209307,50.924456301068808,-118.9927825,54
36.887063901153837,21.265538327569569,51.260275191266196,-121.921302,43
27.114622452592346,26.004255296611799,49.988326747263947,-122.6755002,42
25.073687381943710,27.241762826578377,49.147535889336538,-118.8522993,51
30.502261240203943,20.798060570687284,48.507328243296556,-123.7277654,86
28.070407633357572,18.756671077937831,49.877051637543495,-120.0162336,90
20.694531899318715,34.268926812838522,50.428489068285444,-119.0698394,93
34.902707863261881,9.669934842379064,50.345596411636805,-119.4717956,26
38.292625205191143,23.720197682112495,50.256902759693517,-119.1759412,65
43.955375727067349,26.216353981460319,50.720914917292113,-121.1380309,46
25.936297331758347,20.312814728613152,53.742048022420754,-120.964881,97
9.359798603626176,24.635657787399019,51.499744849356141,-122.2068948,46
21.529674881777385,31.293656807635802,50.193478562733631,-121.1662647,40
43.160712169404981,13.759392094813091,51.643454334968723,-121.4582109,83
47.324172188035327,14.614334478532014,51.726953666992458,-121.887221,61
35.981504885845972,50.813078985486264,50.320812300098190,-119.4902357,61
26.971758325265981,31.664980973730440,51.288439931572555,-119.2527224,52
24.981840962116838,10.720322614410200,48.498546192896001,-123.9885961,70
33.316972444764438,29.724538948880294,49.563935668794556,-118.7010926,83
37.902775070259587,23.662153373883456,49.226910941159716,-124.0326634,65
19.718114864248964,32.841264535590575,49.753216463458784,-118.7069966,87
15.724484971334435,21.097662105632747,48.799375966116948,-124.9997768,96
25.583265922913448,24.680660985377230,50.904222511499874,-119.6198847,64
31.826933712761150,18.690179798464214,53.781013682912800,-121.3501842,28
21.869698237080666,12.024277414354749,50.033968909385202,-119.4966313,84
16.715102886072135,18.323466673906111,50.432108971484112,-119.1304464,45
28.340906597447550,5.866939301843740,51.900376717147630,-122.0933846,53
44.870265683492129,29.635943590671893,50.078714849099853,-122.5522767,25
51.493907746677365,33.596321320843479,50.704441026851377,-121.9742372,61
36.636711511589318,30.602030054292712,59.995621303278220,-120.6507508,58
31.711125551744470,27.333181737508614,48.764288654714555,-124.8191628,54
38.786472316374258,28.881500865181682,49.843624157142003,-121.2729918,72
24.877867558676325,22.284140131152466,49.940816277606544,-121.2685233,52
41.728572938090466,24.475611607476246,50.001698219365075,-121.2188146,60
27.851330896586859,24.052772618502186,50.715592374494548,-120.6252603,58
19.802771756619837,16.285803066864180,50.247009130759452,-119.197083,40
24.204733082960338,18.909489256390760,52.337794792354202,-121.6705709,75
27.464389700190065,29.030024651484673,49.607351382000246,-119.4361383,49
45.012289566197992,16.095380372039585,52.292436751359986,-122.9400155,34
25.075040059924010,3.846527847897122,52.343285132856344,-121.3086063,30
23.714251553151001,28.005002896011117,49.554353660645710,-121.3010026,32
44.121379983888446,25.603313240547184,50.120548349306425,-119.181227,58
24.013401140674887,30.921202113539657,49.358266389031648,-124.7943719,71
6.501532959020737,40.243931544446490,52.841759691410658,-121.1573477,27
21.787157139216188,12.763780792010810,49.612852736051700,-119.774892,52
11.473070527210185,11.141702298276881,50.733918266586535,-119.6823525,100
29.999882784476171,24.525946049469585,50.067094336340574,-119.129207,75
43.231576899419522,21.402656426813930,49.035954649236864,-119.3768475,50
26.646071441003610,23.596436350973331,56.189766194864227,-123.7931662,58
26.779645526241055,23.503067957434315,51.071601285954017,-122.1835297,51
20.361666285337883,12.268295603598192,53.347147678849559,-127.2598316,50
40.580554979084965,22.101251741013272,52.190717555297944,-121.1802003,90
35.338933586524469,33.600275826804079,49.300655661720228,-119.183527,29
25.735809753087960,30.001754045263375,48.549134751505704,-124.2849352,38
36.329200527023367,35.728964297252979,49.398592303305755,-120.4328657,37
43.653679354216919,26.653420674452263,50.121091979819667,-119.0559172,21
11.927408823666047,18.723707060752826,51.449507594746152,-121.6293988,93
34.576240389552268,18.661216296418765,50.765280638724199,-121.3222564,26
48.109143801494199,24.450245042184005,50.112466287900837,-119.9656685,46
51.407916782741538,28.610708608587835,51.461794654556627,-121.5320064,38
38.795882587772063,27.590559987781376,50.559416015850104,-119.1943253,77
28.685527850387807,-1.96183382,49.521241883857606,-119.4707305,29
21.533496243827638,24.853888092727175,55.976161745975219,-124.1625761,79
38.080679423648867,28.859560537900542,50.441458826426363,-121.5257438,47
31.883980602260724,15.630130350936449,49.310068441685601,-121.0928937,62
13.463136609817511,16.452541494753831,50.541715494418291,-122.9516891,91
32.747133246197336,20.321489934312073,51.943986548263169,-122.6679029,80
33.957140650423270,12.130997283197411,50.442195541877709,-121.1800519,40
27.677699803867721,39.030785208887920,51.245572996472859,-120.9294941,85
39.366946751003006,21.187656107539279,51.379158776709609,-122.0601263,34
35.063019025588687,29.603714487435223,49.869196213670342,-119.6923501,43
18.499357637868471,16.554124578718074,49.348259910171855,-118.4986337,44
26.863819286146519,6.417480782232753,50.612623701347069,-121.0091803,47
36.564832206557597,24.523929766858373,52.260061408426843,-121.3284809,60
40.591592250000922,7.650622899399930,49.119273428612658,-119.3147144,36
16.577257866463238,4.696092039357227,52.175833294159403,-122.9444117,52
50.965228682530054,38.192947533726951,51.168744755354496,-120.4329004,36
32.162199718382070,22.441041727700490,50.991526710074275,-121.4784463,76
38.107347272176334,29.167198215899248,50.686071719134567,-120.5024298,85
24.523372087908932,37.172739447872125,55.508207309798124,-126.3056139,30
36.416385777638745,27.781957091390595,49.916652065623140,-119.657148,78
31.867022509803050,16.929352978822934,49.466834530271790,-122.8270022,96
17.062355530622213,5.794749219852515,51.663041383140339,-120.5219058,98
29.469190001175743,34.866388026673413,50.638023160356731,-119.1935334,25
48.699638474139014,25.774512073157272,48.574833179507173,-124.2645155,46
28.858689083598172,30.766904567187293,53.051832222147368,-127.3412718,72
33.908876724398318,19.664790166834884,49.672253531506513,-119.5592625,83
23.328105779715290,41.437908621956467,52.147488469038237,-121.7169954,81
43.267837002300887,33.065329813293246,50.624882579476036,-119.6351786,98
16.493951278645611,16.268587892345955,50.274619031863452,-120.2934391,94
39.939726133629058,21.520853734185426,50.168792344606594,-118.9987526,66
29.361276429372261,29.567262707830615,49.780267146241194,-119.5670633,41
38.245081097857152,38.962355828376623,51.542246292101375,-121.4978381,97
34.030295230946003,27.711956238130824,48.693463829262427,-124.4909899,61
50.537709959164907,30.255793528172546,49.176318959662964,-124.6709058,61
19.436223315341909,23.191259300769428,48.530580059048489,-123.6441928,71
32.659854403971018,15.999158872643330,52.016913705657217,-120.8501923,76
16.752174027419443,19.785174080451714,51.592777282982951,-120.4331036,92
19.955445932703547,17.407419022253841,52.392684212745571,-121.8144696,47
29.240526903456793,24.772395002593715,53.778787171780543,-121.0980218,46
36.948485931397265,30.934650019077480,50.344756275389202,-122.9161476,22
47.302951769934069,35.975455524358715,49.307198658182379,-122.6604815,71
27.701333235591523,25.534094955712948,51.224314051913005,-121.3226716,97
33.182249058520597,23.581010114502032,48.540977669933888,-123.4679135,87
28.726796660611008,33.712454863534255,54.656041430149678,-127.3089358,74
24.806996479274694,19.735574769624083,51.793015505271221,-121.1634899,91
11.728349327917831,26.817536889726199,52.013313999705311,-121.6544111,52
38.913013527535917,38.142014264194486,51.929320897393367,-122.6454243,53
-6.410065107,17.896809583514884,49.530822476267282,-114.9583475,87
20.804126947574357,37.307507819750747,51.338145010914893,-120.3629027,68
22.886758495033813,29.893185603633864,51.345576145729083,-121.6881962,85
34.613801886596988,17.748669180431893,51.452569929342047,-121.7715374,36
16.063499121310073,25.584546979462168,49.418842130961956,-115.5697281,72
14.483679597256620,18.543273244502153,51.007486401121419,-122.1293336,26
34.045416109252358,20.991287930546665,50.131965942016038,-121.4474986,100
28.245085117555035,28.809905690096699,48.480454614020012,-123.9587812,95
43.287968471725357,19.071161414583198,50.697785041900794,-120.8414846,51
19.394109084025686,17.994882966145607,49.205326388717452,-120.9686813,77
40.231661965522093,20.253966103485038,49.758092371412609,-119.3522986,99
44.207211558354174,25.882849926866374,49.581931561855022,-119.4443092,91
22.162469969008622,27.412861252062406,50.362444228356928,-118.8563819,98
32.283133330540210,35.115333585620135,55.912399397393806,-124.3949619,71
26.200385195383067,30.822919110584177,50.371009815989929,-119.4258837,91
39.554881311323008,21.666306151897693,50.306687564140390,-122.7606451,42
39.181541499722350,24.083914610264536,50.130616006183573,-119.4447304,64
26.251934376250979,24.635947376411675,51.256069754325864,-120.4591501,68
45.377276915758507,16.819163929736831,49.270825253873021,-119.3573174,83
35.801185414013133,23.632536822440670,52.940616464438101,-121.0898601,47
12.074605623316552,26.506780386863880,54.318662432543704,-128.0461825,93
30.791709008126617,15.102006500867322,50.867532470764658,-119.1123128,99
24.313016057245704,26.968928641240041,49.309393709200634,-124.4322314,65
30.572791510992872,28.521200807945245,50.446158704765779,-120.7047605,80
35.492855895782370,17.689262874956693,50.338710208083526,-122.4776119,30
24.129662192606951,27.129080911779333,50.454491137311535,-119.6945409,44
34.530754140707884,11.925977684978152,50.928586708127057,-122.3773639,84
35.178624062729334,24.070221106160407,52.637285368986717,-122.905947,97
24.169436374776549,15.006980233194637,50.926445364814860,-122.7406248,83
33.501400549860669,-5.277212064,49.553734137186936,-119.1774394,49
14.322744472088168,20.538268188091116,49.894712416511183,-118.6134215,99
32.025844566880281,36.017414091494551,49.972835658294692,-119.9796808,32
41.724776960490665,27.841866923748487,54.676371526766033,-128.1943154,73
40.835324400451690,30.629462998959792,50.360395657518822,-122.4618783,100
30.642877950787330,26.988233093456827,49.290054273938345,-119.3461958,47
24.869711286242673,15.446060848993257,49.965748360445609,-123.2115365,20
33.114750685482662,18.402857064789320,49.600229427447431,-123.2652577,69
39.494933746078701,32.856196096965931,50.827451823914515,-121.9001309,77
25.996615711573515,17.162681559006913,48.966494453432276,-124.8077915,98
28.330116958453043,31.171168429783670,55.393191243686388,-128.2039776,33
27.000578185193902,27.707659336963346,48.461039936579589,-123.8570097,69
40.314291111146012,22.946020958480958,55.462833265882622,-120.4944842,20
29.149168632273472,48.576932176738794,49.639721734708345,-120.8421765,34
59.468025115043361,18.447350921874307,49.439959561852575,-119.5791134,55
34.097918977029593,28.911169682340589,49.300584991077521,-119.6265424,87
22.086934193336543,16.554610426219782,49.520425418112538,-122.8997695,80
21.953411064862781,33.472321293548902,52.286728527120879,-122.2998128,30
30.900536751519159,30.549179804592068,52.917990545727136,-121.3107649,89
32.999111509152854,25.633273987486799,48.879321935844288,-125.1899499,71
32.430716376693965,30.384487592807453,52.116884206547198,-122.6011025,100
32.150989225865764,24.351456126682283,49.696883531047433,-121.5895012,100
37.934615686034803,21.061849743333788,49.504418520527686,-119.8057927,25
43.920072827620729,18.980720250688766,51.529527707876525,-121.7331967,29
28.003113917722409,12.248908502704529,50.014021236253583,-119.895446,100
14.512913739724887,19.294865716565113,50.733127940669625,-122.0534694,38
48.254047292725311,10.683153490642939,49.113533508907786,-119.6267242,74
45.022922583116021,30.176307774233930,51.208559124320949,-122.0380223,95
27.195636535464899,32.515399616277335,50.016449647135204,-121.059483,59
39.982405878689960,27.170198098664216,49.659265402877075,-118.9035393,59
42.578354703683054,27.644671545627190,50.460502497228113,-119.5425543,42
22.122364018889339,11.689125642597581,51.820319935307303,-122.2669394,88
45.009490956802260,16.306597558243130,51.307112532239223,-122.9844562,25
42.634510294458238,33.477301079056197,51.310681252856661,-120.6616466,53
15.769437364167771,21.979869552922015,49.785887366829463,-120.9635063,65
32.073593161473248,33.518335647701413,51.815038694418817,-122.5013646,62
17.170632184617450,17.585351063401792,49.101239405068107,-125.5021212,61
28.587622123926302,25.197524464950341,51.032469687095983,-121.1243661,75
38.037865237354090,28.953316798907132,52.294005530303913,-122.0505352,34
10.609209363731813,23.519403739217204,49.851944951736868,-119.8945105,22
30.114649180121322,32.865459917508993,48.617550342454848,-124.0080747,65
32.481853129575398,31.520946055881716,49.167110717954763,-122.5890406,38
42.221167528612007,23.099309666703093,50.597284403193861,-119.5147942,44
17.597534019142795,21.863810794761910,50.842412697580265,-120.9883339,74
27.946818257315730,32.800480301461697,49.706477280318929,-119.4322084,40
38.099457944702934,15.202023990696667,53.305841992736404,-128.276541,46
34.017838942969846,12.962486026578619,50.723997578737865,-118.8280788,61
37.272908817821687,26.232196183776392,50.473830515676369,-119.4071952,79
30.207269554177078,16.208503815077236,50.859927693481559,-119.2192967,44
35.684928821093457,26.729918024055173,50.971380242294522,-121.5440463,88
32.122419817366847,20.294018835575660,49.365620639546023,-124.5639417,49
38.123571463212080,42.544638770742338,50.030397937619149,-119.2578561,97
14.125214999656919,29.583091049353758,52.906289196390908,-128.6310021,68
41.788741365817174,20.281488462854913,49.495451743511644,-119.1623255,99
14.252437778465554,34.123548711859740,50.453564862278284,-121.0572253,21
34.378312622253311,21.248735065353912,50.886124470616906,-119.0002072,39
21.898560426280042,27.296818667333305,50.953870547642374,-121.1284038,57
50.007397631162263,26.467983787285423,51.360995382807133,-121.8220518,50
46.616660512755026,12.120125111959711,48.412900249145892,-123.2987018,86
34.213783628888834,32.219350226963115,50.656885113012109,-118.9804398,88
21.671024857893876,28.875707618044419,49.302629174771305,-118.929643,31
51.345342421745976,11.187271103289039,50.265513721293473,-121.3746151,27
38.535706644317031,21.541177444496451,51.766407955729129,-121.539616,35
39.113999699619335,27.176506378163705,51.760842730133646,-122.156838,24
23.567151945585600,24.541577634700896,50.664271638279565,-121.2855505,26
33.757428595205560,27.511629069858120,52.301080832669626,-121.9882206,93
29.093744690311507,19.183749227324810,52.473070428343497,-121.6197766,58
34.960328201067142,12.596169465712242,49.716050459819712,-120.5746743,24
22.542776350917027,16.921564207093219,50.179950333057803,-119.3139139,100
44.239818755497090,22.103620954787278,52.560476953141460,-121.6088632,47
28.129774903412084,37.875078940031429,49.709875290170828,-121.5727927,95
40.544704916621711,19.635700638146037,50.274834999769226,-121.2702453,69
30.677738752588329,41.124357505105436,48.697008828024998,-124.4702641,42
29.439977326430633,27.918052745899679,51.208128575040611,-119.965881,48
22.557079282075538,37.102442051286701,50.238390860493723,-119.2068931,71
13.973720073336482,28.963062705809090,51.338432158576182,-120.6143992,67
47.679305546959604,35.676975286434377,52.010932873601334,-121.0092813,88
35.729859152635811,33.949206492855964,59.819662979748635,-122.9622092,26
24.809304946939708,36.474696727565082,51.903724901359695,-121.2788303,37
40.783060614612204,21.987263001388470,51.061202774136731,-122.2911043,89
32.063773858151620,19.374437098104917,52.486024707293950,-122.0299444,74
15.212737847959994,20.699960171609408,52.144028381537957,-121.4162758,68
25.485803352278900,20.563562066595431,52.420104056224623,-122.9375692,75
48.921450558678465,15.823643535988332,49.088306287696817,-119.6138683,89
25.461631052103140,37.114069369477015,50.700557653621637,-123.3601725,56
31.455447861752990,13.302684515036059,50.827768143648292,-121.7732133,31
30.405404400613147,26.461498132069750,50.643162790178621,-119.9711124,95
18.243027677851057,37.695712363338920,49.927787660535770,-121.5339665,25
41.773520398826278,27.685010638741268,51.087795148050247,-121.6225761,99
44.441698889528020,31.589113628711612,50.735097555159385,-119.6166005,63
17.519811355342810,29.081461683948387,52.430927533885892,-121.5892336,94
23.964721488229571,43.377898161797027,50.064014981183334,-119.5408575,66
33.352898697973018,23.065803137847428,51.063627806822659,-121.8991156,94
26.688824321627109,12.944038775384456,50.530532108641147,-120.7880507,86
39.687971953829255,30.209486622897334,48.680593756255803,-124.7061044,39
37.160925853965459,5.319660456187708,54.883045907977774,-129.2531825,80
19.678970652279919,33.022216753333019,49.955721166351388,-119.3234534,71
45.058840473276256,7.010819019735421,50.277175507490824,-119.2805899,33
41.513749383869197,16.326287915960208,48.910070671730672,-124.603068,92
22.455287702160689,32.587202845127187,51.621293806299256,-121.0371332,90
17.632620885374568,19.498653307481629,49.234406938604003,-119.742624,30
35.556397050382351,27.569434142378789,49.404063066690689,-121.6249851,58
2.309337104477794,26.489272554683680,50.635329890515649,-120.6815574,99
11.199214812722547,10.129553775195658,50.155272140460731,-121.5356125,50
45.644026066755607,19.877381050147914,53.801957078970368,-121.4385627,37
18.026611724966845,20.534687931540581,49.494532815224105,-121.2115089,27
30.130332627480371,28.443653808127557,50.233050112029929,-118.9759074,94
31.876355392834974,22.131996925217454,50.249403989166069,-119.547796,40
40.692837028108222,23.821596236685643,51.338525885194151,-120.0088937,45
47.641592677741812,18.329679940333744,51.603376599743868,-123.4649301,26
27.585525878968095,26.834764855964586,49.820045041388539,-119.1963956,58
30.056998150867525,31.119713836107291,48.926407530404795,-123.8854893,35
24.477734595820010,19.364798928039988,51.396362314910938,-121.6794379,38
34.991017297393171,39.475131235393533,51.394604779721107,-121.2422837,82
39.308502668002582,32.263779079552130,50.299142322118335,-123.0751244,33
24.074431661084454,22.564713186395711,52.252119334085187,-121.673023,70
13.982769908085217,32.368401638852376,49.296129930323723,-119.2618384,57
23.783874358050223,28.417170427606951,51.886825401439140,-121.2821947,26
46.215457331667778,18.121440141843031,50.459909461686244,-119.7273441,74
37.706045964168595,21.545562957294422,50.542645542891883,-118.7701127,90
38.590939817841083,35.795154230345034,50.424247921096402,-118.879567,66
28.449533969752213,28.814680665825769,51.807459822459982,-121.9614464,25
40.497993582450597,8.382736274363445,50.240294159606123,-119.0536066,28
15.267624295690998,32.801588518148982,50.734110993751656,-121.3382176,27
36.841730555527235,23.262414194105897,51.527538452822917,-120.8705611,94
38.559847243603755,34.025948272937313,51.101705681084589,-120.542482,99
30.453083019229535,25.210572235107854,50.580375022907134,-118.9694839,81
32.423851103137650,15.397300163981921,50.538917252223264,-118.7887002,47
33.292411428220284,15.819891331243431,50.008228627353489,-119.8601883,53
19.503866358520501,20.144856237166348,49.142236902722729,-120.9501499,82
40.734035791718675,30.323562992232908,49.417903190409007,-121.4223138,90
31.042554924179438,41.331718928682029,52.476352687832140,-121.8550463,88
44.916136563012465,18.273469587434437,54.069937839924883,-121.7075607,75
26.643351642214959,11.966229045641157,49.303947703443974,-118.8856239,20
20.694225678135762,34.465455042698807,49.952453776839818,-118.5331282,74
30.371335669397006,20.558213567383198,50.424571840094082,-119.4300836,58
34.229663698648416,31.735141662326736,49.037004975833852,-119.9170606,25
30.389316134893676,11.729604992735261,50.478820544731398,-119.487302,24
47.619545364038132,43.160708036348815,52.070668844195154,-123.5500998,56
36.558926036384641,12.220273356099192,50.606501395524560,-118.5809613,60
30.301822525124606,14.329605682370095,49.199298243013757,-118.6431641,42
41.040734594969599,19.295987342570609,50.487890260004932,-118.9752576,73
26.051358873772070,31.781148070621040,49.910741427837181,-119.6987324,81
33.660597325046595,46.167534287495371,49.226915788067778,-125.7081964,45
54.923571905004074,16.344789880269797,49.969305818523559,-121.5411581,51
36.799992039902733,18.159813123965687,51.087971119520958,-122.2742936,23
46.239755491522423,32.700433562754164,50.153498589421702,-119.4024339,95
38.877150961619272,32.563575464850764,51.526608448804026,-121.8703461,48
44.213803299854625,22.892954436326885,49.460611727761034,-122.7210074,77
34.844834446485130,35.601058645758513,51.158918846367406,-121.0700672,72
39.912982673549365,5.273344306275527,49.432418272805563,-119.2809438,89
40.575245846823243,40.694410116349147,51.237837701405446,-119.0850369,32
34.683817403574714,22.165693778099833,51.411431577806546,-121.3216753,76
25.928724095577731,30.009960577859097,57.596941423543356,-121.2382593,21
25.417111407489291,14.234110070987503,48.481774226431618,-123.3074459,83
47.445643292996934,17.997662970146365,51.547190035646906,-121.4454701,70
26.810591304826037,28.483692353527971,52.420351225983232,-121.6292646,24
45.791895453660509,27.892352180752010,50.460431251463824,-119.6413449,29
13.714010657111904,11.020530656632282,50.620885107430247,-118.9117438,36
19.258878918192242,33.944421453629779,49.914641091431761,-119.7295529,90
32.030635070013439,30.257750260413626,54.320853991946642,-128.3868956,100
48.350520422908268,28.085817810837625,51.729966102797171,-121.2154354,26
24.375547558729920,15.371688171488923,51.886605142828920,-121.8700383,76
19.173792231370879,37.571223893769947,50.110598367992040,-122.5514542,80
34.746528726869307,36.874346689379841,49.735636157445626,-119.6692115,60
29.009554134760346,23.001083733985254,51.565300087372727,-122.4666298,93
24.682361633446977,21.893006365111521,56.911620709798427,-123.9932973,99
40.979794159161131,26.156445499828134,51.675465740311864,-121.8333505,95
50.048330404076395,19.546789466131717,57.899694563933451,-129.2476519,68
47.689212350563089,34.025969512965759,50.597236326778805,-119.4812013,46
21.896745710168993,18.990293325477587,51.812043831650072,-121.5291082,29
36.070785905222444,15.500580593168925,49.683677923416511,-118.9136774,48
22.008514237548081,4.146877069088933,49.098721534697425,-125.5280673,83
23.009973542780735,52.468114750159238,50.263603777693625,-121.5476946,66
23.257617881492909,25.801893496960457,50.026602726232802,-123.309125,32
35.987877810539793,23.809698115184734,50.286005252825561,-121.4459965,63
8.968937950646815,19.619315672741404,51.961152192193943,-121.3730048,86
15.502066215969183,30.444086391644724,50.940740072090151,-120.1812711,67
36.116991819166145,13.336067793354685,50.590190381552461,-122.435731,46
32.479340571267166,14.405091484219717,50.215395897814126,-119.8778406,44
39.348957368925440,40.735149109166549,49.122556017167859,-120.3612673,55
38.672710528326455,20.770538453833026,52.271874796687314,-122.4179644,82
21.576654005535996,5.856393620156096,53.649825361635592,-127.814894,44
42.133930472111523,27.060326251114802,52.011815608312254,-123.0187042,25
34.823783627574457,25.955853364489478,50.765293441554491,-120.9627938,67
36.099372350360312,28.820831139302182,51.481520820103057,-123.2701021,61
28.115444377155985,16.164955335051637,52.267552544691405,-121.9246666,46
50.454995926246681,28.725416518669171,50.881060335651725,-122.1587416,27
34.506111073665203,13.997791813283214,54.730409588002694,-120.2178583,58
27.459628137723701,20.924511964729156,49.221392151796330,-125.0926582,76
27.397123439001447,27.684778246903488,50.134861093421954,-121.5315413,86
29.210654896238676,29.548577143885240,50.673885443024425,-121.7926405,63
33.953049190864895,23.843050217102576,49.872709112634389,-119.3426708,96
11.743553044827511,32.350078624216366,51.775429974364350,-122.5419057,21
37.169596066870170,19.392410110429925,51.611997204028405,-121.460838,85
19.369252892103518,29.428884432539597,49.354385534247527,-123.1156979,61
44.716064893805189,24.241689132875507,52.776567740883429,-121.8004116,52
36.609756178629091,24.421550639645304,51.004036310633730,-120.2735878,69
37.659263802988669,14.757500009952693,53.217587297299580,-128.2974236,70
28.042581022741871,21.770312946155428,52.376794201674599,-121.4793592,95
29.940841947204543,-7.22883904,51.605481769924353,-122.4314396,45
39.122240911248788,30.251385042936011,51.987416382740818,-120.9141185,90
38.801532285692183,29.841297077294161,50.527471973935441,-118.6751352,100
37.962258438444074,23.866346820480342,48.699630245852617,-123.5476959,58
24.321111726020572,18.124883425419316,50.115309237588988,-122.871013,91
22.166535641973965,25.869303417527004,49.674902948601009,-120.4459057,67
18.619972383930502,34.860367558675087,50.485871107441412,-120.0200046,58
27.551196108158965,17.329523844596423,50.369258986241313,-119.7129671,74
22.059129575044679,24.614210923450859,48.808469898243672,-124.1124213,27
32.818140684554372,15.124044587801835,50.029418749484712,-119.2979915,69
23.731847189895461,16.150127799786414,51.118549401855276,-121.9816075,35
25.771628867643255,15.031500425698235,51.031803704004965,-120.6405747,32
31.938691923557890,15.246397569548792,53.822723529142507,-126.591816,48
38.627783015166976,17.213171338025870,50.288447953699084,-119.7939356,22
30.455056507767306,35.649779786622574,50.318789053824673,-121.5085625,65
30.635605984592967,15.333706818691967,49.979460603037502,-121.4401234,79
31.936274817767934,39.173851244954726,49.494738544490353,-121.6686889,50
18.205193649846290,13.928311245657810,55.757335093157515,-125.1291827,37
23.584992375262910,30.344622633258425,51.748413427270847,-122.5033424,55
16.030684488225035,12.013508601625482,50.065351231739754,-119.5790262,87
42.155164940538896,22.477169918196545,50.727866769013147,-119.1733883,58
29.009176812372328,24.631782860027116,52.607951687552251,-131.7498763,31
44.150898552034072,23.461019211979970,51.490065869635423,-120.5138817,31
31.369008134083380,24.027799896855448,54.909622126251094,-128.9521766,95
42.168712222529528,32.658104134101443,49.916981511866524,-120.8395375,41
33.282083061786082,25.601193769338806,50.536145365952230,-120.2759056,51
27.159849091260199,22.641156624157638,50.513677709194688,-120.4752019,31
24.397259157715798,27.937030791998264,52.447090694704862,-123.1214927,86
22.893624179558529,34.736879392475572,51.013324840383888,-121.4674427,83
27.294772472975190,16.958282386901626,49.574300753831423,-118.7824844,55
23.357096936943844,19.343666037782434,51.564857581828221,-122.3048256,88
53.077772764360198,46.378189897806891,51.061721029856891,-121.2104727,53
25.049313454431946,28.145697825625593,51.068168073916347,-121.417607,62
18.758984825762642,25.597463110877609,51.059870949610243,-121.4163626,41
22.935382475966414,30.371610668197587,51.363331840248392,-122.0445855,52
35.254042580637275,28.802989194780295,51.010559706094128,-120.7905821,97
-3.956056968,10.640940281394313,55.474227770558606,-124.0066203,27
21.863078526399594,30.378724667822752,49.577131873860566,-119.2011427,32
32.363078913241864,33.070903873602866,51.075764612950522,-120.9596903,39
21.503309860849502,18.198469246263070,51.695268114969771,-119.1751651,87
27.230174138489676,11.751711625512133,53.597485015433598,-121.1501022,92
41.720141658518543,37.597259417346422,50.484955473838696,-121.0513829,74
23.089411373096638,22.992104227123420,50.007372290123548,-119.4762131,28
15.823171610670162,14.093959575471816,50.592278942337238,-118.4304103,77
47.850461126745941,33.339925010137804,50.659883827451985,-119.484953,55
40.582611834933140,9.645159166132478,51.742688941916583,-122.0340195,82
17.514224342922930,10.007988782839954,49.397564213524866,-115.106134,79
41.448202812351063,23.635350971609576,48.837726160375716,-123.8174888,100
18.621864357078909,24.184707136313872,49.137399859924209,-118.495043,68
24.403236565177309,23.273051959952873,51.043085145920486,-119.2340126,65
15.676604225183375,33.275293828778878,50.467701110724789,-119.9539198,77
20.551636586682690,16.699760870430993,56.396877215006540,-123.4460264,99
28.161624473313495,25.040124729714432,49.756378449440142,-119.668875,75
47.280885536970764,28.539984650623378,49.963400213993175,-123.2838261,39
35.785481199230269,17.260270406140627,51.653555006517728,-121.3529111,95
47.219528387997876,21.994453855389743,49.861073140683729,-121.3520753,30
38.563078103413297,26.645894412781235,50.904134092840955,-122.3857247,77
57.417279484994786,4.331360634693961,49.817552700387715,-119.2151818,75
50.216306676036574,19.371543602632961,50.091473175242875,-121.4332807,72
32.952584650730252,13.863932086345512,49.409324831494850,-119.0810162,64
34.489876570850512,21.675134290660331,50.059240747126729,-123.321262,83
42.089225622380731,27.190967300910401,58.293933332503116,-121.1761602,50
27.652158733491696,14.158686811032974,50.469923352690152,-119.1744674,25
40.710985600490240,17.389967478614000,50.864055527822650,-118.4992789,89
33.192001969722448,20.199849179916363,52.203071659897468,-122.4466525,32
32.818092441435383,25.615265067173954,51.237780397040702,-120.2902644,55
40.837851925818363,25.352635527750142,49.802508423448629,-120.3452611,27
34.882912564903876,21.084633233363348,50.816038364775046,-119.6349392,54
27.499361645136560,-0.061393775,50.377276056049531,-119.2707728,96
35.810960976885113,30.602127088391981,50.901666042455737,-119.3753226,97
21.206802951946305,34.541704752348636,51.155056840678114,-122.2121833,57
41.408656236820093,26.773341643064665,50.258915529122632,-120.9694271,84
28.715704021555133,30.821112909009535,50.969827293574532,-119.2790212,61
22.129337711321860,12.712716083880141,50.534603384874188,-119.6124558,77
30.717624932162170,27.706920847334370,49.748692743355143,-118.9665605,39
6.674178915352778,39.800517378195387,50.194139684249187,-118.5915671,37
25.184831738966238,25.628904696750606,52.176543129461336,-121.8453661,50
37.155109039335969,27.041703543778063,51.074184216282674,-122.0778857,58
17.642167285649418,21.399935029834268,49.194819077238812,-124.8661003,34
36.347088275205799,26.735023692495787,53.769393432661538,-121.5839847,61
18.134444901648003,36.343925140891038,51.391461963677315,-121.9383291,33
40.596391955720968,29.330584633192974,51.794672990113320,-120.1767709,89
27.669660415933684,25.030730982699485,52.040519376573940,-121.4752551,33
30.334736940916287,30.637029008589217,51.950956144649766,-123.4195554,21
32.190831050059089,10.961536222183417,50.931537301039626,-122.257309,58
13.037921731607817,15.140364112492788,48.868909098943320,-123.6893474,47
25.245958306323050,31.880379949060572,49.790419878659058,-120.1957075,85
32.568230011231002,33.800401820251743,49.843969289644235,-120.5899409,23
44.286242551362676,23.567499567009047,49.929162076844264,-119.7056338,44
18.474204569752231,17.502010446267228,51.182723183775572,-118.2626584,74
20.076090486716552,29.446004128192854,52.600532810041919,-121.5161739,73
29.223160608086918,45.030247110035411,52.180312300097640,-121.5999779,88
26.844659600068599,8.325482762573289,49.276006521875580,-122.5055696,86
22.131980407007692,37.442755844622582,50.139569131883128,-122.8297837,26
33.917551175926071,5.432303597924393,50.982848268345748,-122.0484452,48
22.454049343384693,27.573364159982571,51.250371561085281,-119.7765234,66
18.796807779330582,23.505074107243594,49.712495576757824,-120.7806808,64
29.975766404625599,23.314618680103457,53.559333784312557,-121.5973251,88
21.719229378706075,42.865698670468674,49.691623697028191,-119.6094483,78
46.664024901102081,9.798799978504778,50.757420871517276,-121.3645441,96
39.284229276767825,22.979650368392640,50.139570978881189,-120.987725,63
23.209300341261120,24.888898670630951,50.079519192393690,-123.1463827,37
16.427397901119630,34.101520768531351,52.061217924021278,-121.6862719,36
24.004092604980947,24.433762951359117,50.139557523900045,-119.5510346,92
16.883472584663320,22.937525877894416,49.697209692141300,-121.6460363,77
23.185267239806553,10.431486522628790,50.121524748347262,-122.7585776,87
24.256520387281046,26.813216994317425,50.380769518753795,-119.3926527,53
21.808117636768536,21.744176779568697,54.036328212762250,-128.6019032,58
38.208531768513069,34.137791968121050,50.861509237204572,-119.6695274,78
26.431130464570199,8.292975132845266,52.229812058143800,-122.6685492,73
36.409515293456913,31.175519286098812,51.777333136351636,-121.6687221,30
30.088003193608301,11.787438901171049,50.898238927406126,-122.0692366,87
19.689320385080652,23.514771428386570,49.360109995686749,-120.0746777,62
41.697428214495154,34.372565327829932,49.643687871889668,-120.9195777,77
29.531358477571377,23.762847252251948,50.909275455266702,-121.9423792,44
27.886444430985996,26.038786026583900,54.038156232203306,-126.3327541,74
43.757488973715589,32.749771349991434,51.657200130116621,-120.8443875,82
27.541577031392681,30.671252509120865,50.904583548779584,-118.4626935,40
37.486256114373887,12.587557304090279,51.048301574651930,-118.6624445,31
26.410306946973115,25.594502339307944,50.664504722255323,-122.8977334,63
50.736356594898446,21.977681207442231,55.576740632098598,-123.3053024,94
43.271044561404032,18.990236529021793,48.915182897758626,-124.8198949,100
41.289765903826385,20.706834748851211,50.955810070338217,-120.8927035,81
26.267616445957866,24.178455555568942,50.594828633588961,-121.762897,97
22.563875982036510,32.841277919588173,51.304575072832456,-121.673779,30
25.037962412281804,23.717213738942451,50.217458141054252,-119.2423813,42
16.073962438854259,11.362934099370795,50.911371604514635,-121.4867915,26
21.110173481472781,37.618890522839685,48.480321055821143,-123.350073,44
19.108390313287845,34.572757837607320,50.246801828737837,-122.7621953,61
24.897861452741218,26.567576964604903,50.935801415493351,-118.7419597,81
34.734611505169383,7.319145946040152,50.779479149658172,-116.5254067,75
17.594621125213909,22.594088279394494,55.732734031810871,-128.4278916,34
36.989290977654960,32.121481930004109,50.456460422069675,-122.5655616,62
39.738239097835816,27.530268646801503,57.003510428683441,-122.8138459,56
26.622801272160469,21.873973402918242,51.480507606881361,-121.7176736,31
34.781180025258308,28.618224904999614,51.343640877144523,-121.668726,37
32.311311787230366,25.694829635309279,52.423027501558359,-121.355996,87
41.524669644100861,31.243519408784252,51.943567649453321,-122.0274579,73
33.815978185925779,24.700079937133744,50.435898189869114,-121.2463584,84
36.722388874134055,6.205991938919878,48.600475560069221,-124.2325341,89
32.616112877592137,24.584189488535671,49.936126520914769,-121.4578223,39
38.814339821535356,10.539534703341859,49.672515688064301,-119.9597936,79
40.615288831825360,20.614504831027251,50.196046067549432,-120.2994828,62
15.862791563315277,18.948003937192844,52.080214830214047,-122.4030889,56
23.749136497696792,19.944075808232153,52.703533135078075,-122.0287281,76
33.009532350413160,32.051830776585334,50.942799761598494,-121.8554505,96
31.239901434662109,31.038406290577747,51.695693727491900,-122.2420379,36
28.862539287110526,11.851508456095988,53.982546966583946,-127.0962245,32
26.204562163073753,34.917616444488687,51.419682436696675,-121.9903004,67
35.227264915070521,35.397591369233162,48.380083997709143,-123.5377915,37
30.162093255733502,30.353878120692080,49.643597837604531,-119.3194487,38
34.112056299953167,35.845882978111099,49.599735049534125,-119.6673292,89
29.795867015156578,40.766962471315274,51.808893085054265,-121.5316553,51
42.835328893581988,19.924168858256721,51.232691299348602,-121.7547895,96
47.030669322373129,18.516158873108214,49.132842623805750,-118.7916372,45
57.035007148429230,28.748702770495960,50.698350028686107,-120.346704,27
15.463919496727474,20.219818320051488,55.378848177318744,-125.2568331,28
20.627225437100432,16.274061772694953,50.660305271908491,-119.2284699,64
35.416230080966706,25.598449909060065,49.917768651049101,-119.5006852,39
5.422863769701880,25.810526856142907,52.024868899523860,-120.9449377,22
41.602630449291205,13.296705301243666,52.266656760969546,-122.8492331,98
54.979720725232731,37.884312573825760,49.312325997908772,-124.7987741,71
41.906725668746105,25.032036390841466,50.236864396941904,-119.3925043,51
26.894338256296475,17.022928338656367,50.629815933899629,-120.5988636,68
24.483821168768738,21.397913674707720,49.589576681752725,-121.2763292,57
41.636326160217635,20.048542056672503,55.562179274164166,-126.8972851,94
43.678933712181298,27.979061015216860,51.951107806824588,-121.2591819,94
34.939195181991487,19.544179997226632,51.180996529525714,-122.7458529,65
42.327354816258264,40.478570285542638,50.838518122674671,-121.3336591,41
28.556959443424468,27.258229700243373,52.419775495026855,-122.6930777,32
31.793084760082746,5.516010708206746,50.231624635466048,-119.263017,76
37.647662678174655,31.599103021614411,49.105586561411592,-124.4861119,98
27.651603004884304,26.206527581389444,54.441105376271111,-122.6696227,30
36.290044066355080,22.405345459052995,50.309065268408773,-119.7685724,94
29.055857621349578,47.019279022323836,49.185913393325976,-125.860159,74
18.345212678444675,44.316353231683280,51.525728103209467,-123.1538252,42
46.976927555588340,14.854063411453540,49.578542806852461,-119.527299,32
21.734209030289144,7.992803695301421,51.471725752077020,-120.2384395,98
30.363729318356459,26.913110246722894,49.945972377760206,-121.1216565,71
31.651090995492357,33.603381263769691,50.238317190480110,-119.2767257,94
13.016501377035008,2.277454615822196,49.243854373430608,-119.9294925,55
3.142592381667770,26.841752033732512,50.846056549539284,-119.3002528,98
28.388169692720322,16.878850990734392,49.475209451002733,-121.6172386,61
27.331130465488183,28.427041792071936,51.404691151619460,-122.3777739,95
39.558659967868728,30.722021249535132,55.544606522867817,-126.5927052,92
19.251770068909558,26.080373835086963,55.801692001266183,-129.5113632,74
37.454373392624646,26.633478910291664,51.083669492210788,-121.3196398,36
34.417659513174662,27.896656922347205,51.513195833008780,-123.3415842,51
9.558906907174249,7.256137088420930,52.445244234214933,-122.2497679,63
16.486520115428245,31.530964023007130,50.809284781686266,-122.1196437,40
20.986328342143029,28.894567441449400,50.930681786627744,-122.51513,29
31.358051659875009,34.296640951766584,49.274085321018731,-125.1374579,52
11.069389000232878,27.840319338663228,50.855538863293710,-121.650512,70
29.632717772198443,12.276999394558716,51.811486689889804,-122.0157881,95
18.075290963664564,34.978470886028390,50.475988793527755,-122.5197658,97
27.237530335266893,20.510778837894076,50.370133122410564,-119.6709358,78
28.938122314259640,27.440296296404469,52.043143415800166,-122.2905431,24
33.103163634713241,19.207524176958049,49.063658369879143,-123.8181966,61
17.300922372045349,16.133374128741337,51.746317701272126,-122.363586,93
33.512251673088485,21.500620949636726,51.657974007306485,-121.4265966,94
