average_yield_2015,average_yield_2016,latitude,longitude,number_of_colonies
38.47639203561841,25.26704106462987,51.474306607157374,-121.35464229393062,55
29.77075155572421,20.67362821986156,51.228939619473785,-121.31370753897917,31
40.74018658229187,23.56783741610249,52.385021027029794,-122.32963165839077,87
32.35949266959962,31.306201213031482,49.11265076819329,-123.96708106605372,99
28.064031713884432,3.0539487714063016,50.303274481752375,-120.41623114757235,26
29.268233730552943,27.172460967804458,51.57522733506507,-121.08717205085,56
43.319750923885714,53.92425885415372,51.97289861666117,-120.52005282769564,77
17.28241400585752,46.98812370239129,48.356496647043905,-133.56279109960485,56
43.12190827620723,17.243469166530854,51.87067709592522,-121.18275065072667,26
26.5663910292264,25.074597759173784,48.91345542556818,-119.61219950700145,81
23.21037465597176,23.37685294034659,52.51401078518523,-121.72568852009653,71
32.041264916152095,20.8681146012249,49.96749585112471,-121.67680719567423,43
21.014789998900085,32.09862809489145,49.33859640782631,-123.37746910961647,90
49.61243453002445,12.177341038477962,51.91414429567688,-135.94919220678622,23
38.471946636541276,12.076553464005945,50.09625038132661,-115.98512562180152,45
44.050074114386156,31.975908992488417,49.65306614660962,-118.94965032354618,59
39.849050393418096,22.681565742369436,55.370382292325274,-126.70283304432176,81
26.21551838934022,22.251077504425613,50.46399522086093,-118.40441748315226,54
29.766839738568816,13.898297855777772,50.280566131761475,-119.66553329358955,51
23.363985467768337,33.73096942255342,52.30767007776402,-121.01826184927958,74
29.45766205660768,8.157870147537366,50.98015001016572,-123.09453059592143,68
34.06150986588951,28.382251113592986,53.59270032469569,-127.53512612789213,36
21.844829674431722,29.702784605752722,50.653113107450366,-122.2632714553807,34
43.20546306137705,28.139115064480244,50.06087405777002,-121.09720387660815,40
38.50679656632512,24.368972108469517,48.612995030808555,-123.34212113345872,89
26.84781063726984,37.98983962409564,49.51622081622702,-120.18995872868672,92
32.48138725977105,22.84919723623446,54.24950267574723,-126.8781659656629,42
33.93419802900751,24.064809418431917,48.90085292226026,-122.69621374107973,45
48.10928573815549,29.63983748168467,59.259131796355895,-123.85954199056357,51
35.69381050310173,41.228281203824814,49.707237677382764,-121.48281937805827,80
21.66323217660508,17.994310757172236,50.897159093138114,-118.86050721880358,49
43.85035562862333,7.7184229648481315,51.606561170629185,-121.00455805169884,36
25.03315758569167,25.897542875605332,59.41287784444838,-120.13840899046264,42
18.89699620797905,21.86668361045661,49.14001582904717,-123.93215537004377,97
35.347768272013056,23.575424856844872,51.073864561955006,-122.25713456055593,61
20.763313394497835,31.20640764881664,51.59595480124792,-122.14257819443066,50
36.092677976448414,28.176357047203144,52.31016867448835,-122.70986905894095,29
21.034543012514177,16.086770575071206,51.694076476231956,-120.72979990808506,84
37.265315130810805,19.404351609530003,51.179092128913155,-131.63645385546735,28
43.28372714431393,22.806588192060676,50.48856123104814,-120.0382162515815,37
20.482151862400116,10.61139161557748,48.4284766977355,-123.23147319763814,77
45.12098990833965,25.762379930793475,49.68347741017571,-119.71393666304932,26
31.68739824283326,27.862242981539083,48.835556346631975,-124.6246987911937,87
39.33224325109909,21.361782710079638,49.59029542797279,-114.60850866904593,25
32.25336637668859,20.5045810819137,51.75336461713587,-120.93727956581616,59
33.11254440872975,29.25520622692073,50.981439075173014,-122.39295609865391,73
38.73302084517463,27.38024882259207,50.70205145012085,-122.25288102345434,26
24.523755891963933,19.534164039417853,49.76924418314998,-119.63881877949724,37
26.613964997963052,22.34737084920872,50.01008759306253,-121.69532711810798,75
19.49772395551241,23.265265393668095,50.599004231639505,-121.39517153322211,39
32.2627211256862,12.886785126555298,51.190917315693106,-122.91037705171057,99
57.10398593890077,33.29393031470009,50.66193273052357,-119.39067333788135,34
31.742098062798874,27.63722561734883,54.89283742550761,-123.20339237587322,43
40.62419591697923,30.555333388701474,49.49146650342952,-121.47185176029075,39
25.41552547820785,23.31147691820821,48.99364684475883,-125.09210107271848,58
51.58201106688093,25.12564017308726,52.24937525885202,-120.76822583182438,69
35.03329768759048,18.595607461199787,51.86992550689042,-121.76427203456676,96
32.64499740272799,18.817195400634382,55.990036846733155,-127.3850555598824,42
32.05225956417168,32.0353303292652,51.91680784194212,-122.03333478585164,89
23.12917922077639,40.10584594966928,51.10247243887279,-122.39154004411684,49
29.53322674393287,39.66619025684761,51.23959440451098,-121.47866285076773,75
32.3073100528986,30.52409837163149,49.28077444465921,-122.43329875480426,87
26.710450241329138,29.266345924310485,58.35176130713931,-122.03696495998156,84
12.931568907485268,28.989538934526056,48.33881691253759,-124.34498611470562,74
41.35268607097034,28.433065444202594,51.49460475186904,-121.69598518168803,67
22.977924744320358,-1.7833108099200752,52.15602714913348,-123.12559585557459,83
29.543829581074196,24.604542154946586,50.00038498271408,-118.45124913555209,85
34.62700870928956,28.89088282791533,49.83978139734616,-119.069593931984,98
44.62642117314076,26.964764097433218,50.13432221056807,-132.5980279203707,57
27.982457958885945,27.998852111357163,51.39939513679577,-118.75138209044064,39
36.557184745191975,25.853266762371053,49.463600833193446,-123.31672804978555,36
32.69865950323113,29.588375728422218,50.183381635021966,-119.74549300169359,72
39.01475586140944,32.395856158546366,49.812232978994906,-121.3665707280642,45
32.316852941628525,31.97218813720991,50.127321813341446,-118.46805028948032,96
17.09487052836575,23.10018802432778,49.558866517830424,-119.42535664815033,58
26.60743465587382,41.03240852280373,52.349205243356366,-121.61149992068742,84
48.05931430846388,22.86347162677196,50.04353654168895,-126.7939695864363,94
32.132858859387774,24.279234969877095,51.86903839508681,-124.45482760625781,68
32.31366323193968,14.936547631663343,50.39733222612996,-118.67725489961212,89
36.666813831516286,27.56200329236871,51.66804182212224,-118.33685973936059,61
51.191950069217015,16.562252264791415,51.64856150871785,-117.18121630700455,90
44.083949732466785,27.761770735869877,53.15708139590572,-130.88575815480039,37
30.700167849901707,51.06369205733999,49.030135737274456,-118.91861921545585,27
44.58988070558177,38.59017621027901,50.765455185070536,-119.37499710652601,78
49.657991197076576,32.71831718336816,49.60116023116072,-121.841558291283,75
13.522487674100077,43.91003784448933,48.924082719550064,-125.42693588937902,48
21.862442427396108,14.477294738480602,51.238334888378546,-119.80075203240754,25
25.928224540714734,12.135723271141662,49.997522394625435,-120.51922996128089,75
10.504444187097087,21.511965331161388,51.30047872749782,-120.90032125382947,62
28.364633401991902,33.91416321884491,51.29677262476689,-122.17077873526407,31
38.20336077591053,21.041601608860482,49.25494654077259,-119.977904864154,65
39.08879924681461,26.980160686600488,49.29700921866637,-119.62594939976461,24
25.464031363115094,21.60855599548457,50.73942493664001,-120.02945708480384,50
35.57197658978522,13.17840204140898,51.02507935723295,-120.30726678960713,41
33.608065990374435,13.414196388764559,50.320417155332265,-122.09567744224937,66
34.958056596657045,-9.275078729386466,50.0118667323522,-121.43357574852708,26
41.83468439175694,24.70881290210019,51.0546281663077,-121.86888843112169,96
30.05496250814207,26.356354713538902,50.93496761669377,-120.79515365131483,73
23.066771782741924,30.125962624302193,51.5774321193417,-122.7006603242025,77
34.41637561405537,6.100901002041665,57.51709635619176,-119.05704338926901,50
41.45746055328405,27.91128041059161,48.619354224447285,-123.02452157058497,71
31.659891144590837,22.667777303866288,50.206266112419385,-122.90239826328002,54
27.1245602491412,33.96854207076842,51.65348362295986,-121.80608601725378,69
42.978114045559295,24.869343076022226,49.53378438602965,-119.3653545729013,22
34.05980616092654,8.702557577386079,49.775631888889166,-119.56403986010083,57
40.48171039198096,41.22076706130081,50.37028245545059,-121.81543440647128,35
16.61087309840183,3.2356122913814445,50.84197671673765,-122.87189953159452,43
22.849566335160933,18.74351866613292,51.905315163582415,-121.62176631221871,69
9.374385099655523,29.26378305388538,49.87415929202724,-118.74568748593703,77
0.11000762734133748,17.129972659571518,48.940486067958574,-121.98633799816668,37
23.905798418058065,10.487412409547563,58.232186551574976,-117.76641568916129,94
43.844491760020496,25.0987085087244,50.54136226444665,-119.9470093259586,25
13.290906448972175,33.34196080639548,48.22618712033074,-124.98152405785065,94
24.696616683697037,12.84704614837696,49.88679439817779,-120.54214141545732,50
37.302908858651506,27.591461567049908,50.94772091609175,-119.78393332968665,62
25.451601753663308,26.857402505012352,52.47642799797884,-122.75251871988809,61
36.864350151871285,30.648817688557916,48.25594497943322,-124.21064788128392,79
33.69304307493079,14.91369268380023,50.98361128100936,-118.7534127105314,71
39.183971070740306,28.642714328831264,49.342020989056294,-122.27027638954549,79
28.19446833978248,38.105185797962775,51.266287805314725,-120.98048174713946,32
42.775299221148046,27.19375721995004,50.02373292505923,-123.41225711814057,26
35.90245082463985,37.387642081951746,50.451948515508576,-119.61145133556205,77
17.04285432484974,24.381566811428893,53.231953955899726,-121.54371201442258,87
39.65901921665772,29.529904321928427,51.236939029002606,-121.16661361818035,32
35.799332522679016,23.612366905419393,50.77981156776481,-121.8573096878871,93
29.227953010338613,25.505590919473104,49.84668573112227,-119.60674867467345,32
44.34950361991826,22.572944088489294,49.07887710995849,-124.24458641549306,57
30.25959819414273,25.311055540124556,51.00539114011714,-122.10080751153131,39
48.802508032083395,20.69094193808914,51.436409784493314,-121.26120448289645,67
25.2074988758331,21.43964179222351,48.254198496917525,-117.62850212679317,47
37.22937849635044,17.178853047259086,50.25337547919977,-121.41563917303598,69
35.8631039924241,42.358552580165046,52.00562590140511,-121.92632986352069,25
43.5579567715495,15.993897304473972,50.169338708722805,-123.21258298809285,75
18.165809457649697,0.6315452313050562,50.06454733978373,-119.58570858654905,43
18.944403587567884,31.926241091315664,49.62700253698201,-123.36631570572479,76
39.95930147395696,5.653670574692229,50.27827641452923,-121.52818125102641,21
47.68981951628948,23.16163730688402,49.1902900268943,-122.7728582856508,63
32.83862751339902,9.500664692035478,55.515566573164286,-126.27836231782318,54
21.27152316890605,20.550722831747667,51.06112422771044,-120.71118484593039,56
37.41614098392046,20.033155059269127,49.93873870152814,-118.77188240283719,38
17.290013768767167,41.54640028770018,48.57220919654973,-125.26579759996892,75
39.36165560021314,18.934164593176998,50.84306806439517,-121.40590619515963,67
20.58584775250094,16.26572613371685,49.628545582995145,-119.42087226871324,96
21.219314033681318,17.856272078522057,50.83609701181114,-122.15815073229398,29
60.009665050592865,9.298123039410305,51.91376020300064,-121.50571723432199,20
4.085216227003784,11.200979612636408,51.23204997598638,-122.30788366087106,75
38.73127313376443,17.89352776185094,49.706132688298446,-120.3347615536606,45
28.466732149385564,17.81190962669005,49.90153705945761,-119.06016750337061,31
39.65449931518971,13.286967711252748,51.31578164047903,-120.45292284883585,40
33.527438193668296,15.667958836036412,52.990203943260106,-123.11030516979665,53
18.135744660483766,40.481617031866726,48.89658910700664,-124.3523900195417,95
27.333287568909817,3.65270317338608,54.343735189726516,-128.72958427218177,94
13.659852084555892,22.6285886638772,51.873220144457555,-122.75250955450447,25
21.29883076904911,28.089423274591628,50.691397003415275,-122.60703301910341,84
24.60371327632156,20.563772496559274,55.972815621261084,-136.8645132849649,65
18.95410650653256,14.281486015620015,49.208810927043146,-121.99219490223803,44
35.465213933429375,25.715432255800046,51.28898309875988,-121.0850523939299,65
27.47008005223318,-7.663385231260696,50.258414206205344,-123.3040612028011,25
44.03690538255223,19.765068166363502,48.630934465443005,-122.1753565411737,62
36.57262185458541,21.376116591850035,49.421925039826995,-125.78444783943192,56
29.903769731726708,51.130828739378174,49.25831419778943,-119.32208862508718,89
45.87934981079372,13.53282836657069,48.45206992494063,-125.65262522721986,64
43.92910049327458,10.987572106662466,53.230090245070386,-129.17627355598785,55
24.709572553124758,20.68502529725363,49.01722723091563,-124.6840196379132,53
13.736270123794784,23.139866147963822,49.5533657954124,-121.31421684413914,47
25.196197931338364,23.072743955351477,50.40718234893053,-122.4852475729547,34
21.222661667421484,19.033118123756232,56.05649322929531,-131.66385225528197,39
35.808016724204805,10.942215076561054,49.15613784252882,-125.30704284842939,49
29.77408384993986,31.743431842615394,50.26369959438144,-122.07287494087628,41
33.35526166364391,22.523760626530404,51.09908984739313,-123.55335335179265,26
33.89943623813236,21.36329935571206,49.46739706128162,-118.52168339361785,21
34.484975818875974,22.20199455590459,52.297553448059816,-123.52190235424959,93
47.049167942178414,35.498808650027,53.20602288859473,-121.27806989022002,25
43.476132920790576,8.746665708052408,50.1559574985349,-122.71351156994676,37
31.286470899195905,17.627832340397195,49.85700049206398,-122.67838802218124,95
43.84832941082059,17.916277248324814,48.86160814440733,-124.64209079845693,32
34.347780380816175,8.169528828064886,49.28648934772663,-124.2707177383027,50
32.36692952125036,21.57756028290508,50.605012639414944,-118.88454584302283,91
37.9534586886732,19.669445566626155,50.61930340109873,-121.78829057909117,100
35.0305994193935,20.825004853180367,49.88541179682213,-118.87915898633287,47
30.532918233729742,32.14041649676938,49.83887600506667,-121.53270011908205,60
27.559947033558224,15.352241310183794,50.63624029314957,-119.67815368577658,22
26.633199201031424,44.11332995814348,50.137028270308555,-118.7389225254773,100
46.82704823824187,39.974791798863656,50.245531955556686,-122.6846541728436,25
6.8028292049208785,12.414917633836797,49.249704446379255,-125.04559205612553,99
37.355435367297545,39.50816559489139,50.552816253330185,-122.28804913486897,80
31.324188629452003,11.247894660961931,55.9947366358942,-130.86668278272154,70
35.11447139004782,34.938896219035875,51.42060238458799,-122.58767320107494,83
8.515738951565794,-0.5813562209180166,51.26028818091609,-119.19434364473278,79
28.11368346091643,15.2889040805381,49.638215289766585,-121.33295475592173,64
38.10294561047575,18.16221286573526,56.433962352104714,-120.37939482467931,87
34.25719792540244,16.717887050074054,51.397957933139644,-122.04969592663123,28
9.193603864702297,30.62740979025647,56.7284873350457,-118.6041554475064,32
23.22405679491754,15.019661585494017,50.163366499777226,-119.18183720938605,85
11.341954043945329,19.734036464291794,51.10129287147708,-114.05507789810315,57
10.85102694414048,36.65041291747935,48.53789380640787,-124.92945825478557,56
45.05016935406388,25.290362786563946,49.84311101941941,-123.05160611330578,81
39.316952912019126,12.570938562782114,54.04722240453854,-134.87530596836575,66
39.865381877094265,27.13400037206709,49.84195440490466,-121.79447955662678,30
41.90264958901273,31.226844434072348,50.47215684582164,-118.79471007489215,45
30.80887266885973,17.649646025474517,49.00125568530867,-125.83265831712515,65
31.206050842082668,4.296837754324166,50.04483084933995,-122.79500244809165,51
20.25023665213188,25.021163190841122,50.36046753791254,-119.88210669838251,91
28.385293041224763,24.98191814276983,48.71577112102378,-124.71367627919165,30
14.15948217920846,28.440479700356587,49.63953703833081,-122.9716416492827,90
28.27327235511233,13.587437754197614,52.11855260927159,-121.0473183663029,71
35.14691869253261,16.334669588306927,50.02373861117783,-119.27112382175166,25
23.072229908089533,29.950730637187608,51.528428689563526,-121.30508612797688,80
29.13651854214137,-1.6984104149034347,50.61772054841604,-119.30145893073328,86
38.792103269604056,18.488989877932585,48.42961052421136,-125.53688271589215,76
10.347851030740134,18.855835729722067,50.46602230379496,-118.81094624468373,53
23.575355174983027,21.814475862707063,51.29347383071378,-120.82225568742055,79
10.039726188188784,21.647637827904113,49.75619081804098,-119.73503726577799,23
36.54149468561923,33.585857931235374,54.63580056101578,-118.94598349420856,67
30.355448135734182,27.705930081925086,51.37065698234549,-121.39775187299638,36
42.33552254702783,26.842622237283535,52.27309829324956,-122.17663225375972,42
46.89911209022381,5.254910727132246,54.129356229370245,-134.98366305569493,64
39.77311356143204,13.959168941777117,51.78427014244211,-121.84893782911692,86
35.47602581495823,35.199911496472716,49.20180060031705,-122.01606493022096,52
34.895766440959285,37.65498722529609,49.88414436607337,-120.08128198493148,96
29.103381835620244,4.010241456107385,51.39206773565269,-121.37846051889782,88
35.31990366009301,19.758505597678877,52.42487610234192,-121.02780151816401,67
28.51112029961301,26.20307851294874,52.13762939520926,-121.54500063425503,23
24.759867512361115,13.132592261575596,51.369195381719045,-122.7731922277664,63
38.21342587745472,25.678076248021817,49.84244546686523,-122.21115236824764,71
39.93497453725602,29.617839373532796,50.820241732586624,-118.71532786786844,34
20.745123840921835,21.97278071479131,52.595987848927194,-122.22109752725802,63
40.230663387282384,12.046122171492657,52.775087593795675,-121.41034771451336,84
33.27363524526388,29.332996337696386,48.46261967301583,-123.17448045403007,41
41.18944601066,28.31994746121199,51.449887228639426,-122.09776104210286,79
49.599219370745075,41.15245966295901,53.45115210101984,-127.78944332194907,58
42.62111710590587,16.47380182201365,51.3022145913601,-122.84759749740809,73
30.71367201486608,18.439409060378292,50.28291724154583,-119.22100685708935,76
27.53768556474464,23.49819796498834,51.41147303611485,-120.87639104478676,96
50.7869939774912,50.957655457005195,49.265414222586244,-123.36919184461249,35
20.31115700431688,22.53788365617804,51.6081701644381,-120.58408810504507,23
8.75939880810697,27.145410775258657,50.81560151351033,-136.35655578892369,97
20.412752186990517,20.765126930077745,52.53292382875282,-121.25737336089355,64
31.770775315577822,16.110200231340514,50.06620814310382,-122.82949499588906,88
27.809050386529066,48.61107358341565,51.50483962106877,-121.53944264317963,99
25.213297796671768,22.22954569809826,48.346086366846066,-125.46613455410463,60
36.288664151347156,16.03696108029722,50.37003420999849,-123.38826848597031,72
41.90237747539314,16.78579348784831,58.303299980786896,-131.54607141744313,90
38.81084931727485,18.069667051445887,50.136300778292636,-119.13431385308571,85
26.19289341762196,10.670765853074942,59.00307091969688,-116.9255243572976,48
24.94298244363952,27.19282665172077,50.737684380205,-119.37395294261248,88
29.865660599557593,7.158829167471859,49.758753447927155,-118.7050474763723,93
29.261914620075157,20.38589262512205,50.90431638130051,-122.05768055118342,100
20.343681453952673,29.471875350818667,52.260440693530334,-122.01957531356825,97
26.012752780805457,7.555068441827934,52.12555643287665,-122.09167858813643,31
53.332364002564944,32.47126690860019,50.08147953505883,-121.8586015473427,59
26.714091019379634,26.266638529776102,52.62623604957302,-120.18102465558786,22
29.38030166975601,30.90892315799409,48.57406813676698,-125.06459248989678,26
22.315474578364686,32.35956080837567,50.13430266185006,-120.7945993606901,60
35.203627307985165,34.67691820492234,49.7494763436824,-121.79196457052325,66
40.496377713538365,19.73048974631002,48.447085155161375,-123.5070290086055,43
25.700672378916057,25.940822850763876,49.04601335860544,-120.87210231320007,76
19.05175385596041,40.561669055521605,51.83402294367944,-122.83396320616424,88
32.32104938965044,13.168605671518366,55.21804751218591,-128.92152671559066,27
47.1028068768137,32.98616893252364,50.02571101486018,-122.55820554314973,31
44.21230438257362,38.031371139044204,52.259006849377684,-121.11985593526393,49
27.868468587658512,8.798414293977213,49.51570727087468,-114.46764318394935,92
38.153383098993544,24.023794012689745,49.87497923386901,-118.55858604014587,62
40.54710876857011,43.27007389813041,49.841513345644906,-122.51868346697368,22
24.767428380322773,10.408213782169218,59.01651332632254,-128.9948006374729,96
43.05982146144697,12.117383056400195,50.041490082607055,-119.03080468757358,40
20.24368498364059,22.370260736136,52.414676831409516,-129.56856385825216,92
64.30284035597172,23.298660472092166,50.93836236803213,-123.24615120406034,47
50.16101434311669,33.99834009737298,49.35990317088739,-118.62694117758441,56
29.585111617095915,50.00069394002976,48.87030300245679,-125.34701118513306,81
42.738020923262326,30.323610611574928,50.936008012524425,-119.87488979605087,80
33.17386573046434,30.235502647312646,50.86119627395862,-119.47782952568505,90
39.17387057051071,17.14981048384307,53.752404425082155,-121.78801493463298,58
24.757261410867823,16.51371802164304,50.71850327386003,-120.154763021693,73
25.85845926054143,14.67693168957644,49.960375507485374,-120.46902127399842,67
41.25970680678342,14.836229956017506,49.91452174324467,-118.87088151725176,51
30.8481437873176,24.472689598097006,54.42154340141486,-129.69603730943447,40
18.466656539247985,39.22741103856411,49.71102902591147,-120.90335357491956,33
43.63454310818278,31.74995603949978,52.12517114026538,-130.10505616097024,39
35.89928930953926,31.51309509155715,51.04013827097825,-119.19306496142403,36
30.596986975990347,28.564727438473312,49.661850749892,-118.71212445845622,63
46.607561115088664,21.83714262823361,51.14211493370114,-120.13797358428349,49
49.265470428942194,22.207297924727346,50.51178375337445,-119.41524832151136,93
23.27478094061364,28.855614016445745,48.69223863665188,-123.21120314371838,26
28.712542340865582,15.725602364739592,50.094773517199144,-123.49139640869406,39
38.55171210875083,10.052838613454528,48.90949579341379,-123.53082656169319,82
43.66682702873464,28.13481197362491,50.69205710831676,-121.57875808699092,20
20.5353053492047,28.086341094105794,50.03348015878072,-121.76951670906388,61
35.40003189904079,20.886361915330077,51.75848353964514,-123.25348281363499,70
34.864455797770255,20.529693170507333,50.826943660347666,-121.59256689537338,42
17.814302816656568,31.775816243862952,49.63363858304266,-119.53075124826726,70
33.864259047246016,15.93420496841338,50.18854893886386,-120.75819039787142,32
37.10086802252734,28.854322588019933,50.068643386456884,-121.44763717325013,94
32.90226759773309,26.425390180638487,50.14043983464843,-122.95967892422632,48
23.940723779134842,11.693673280779324,49.66306522973689,-122.41443734501573,77
18.137652230641788,28.17623885069275,51.03794272645378,-119.40452033848652,92
38.43746105755901,22.334683075588874,51.08291150191266,-123.07001243383999,51
26.34318079686595,32.280249458117005,51.860849910865234,-121.08443562261135,48
23.992029661903775,30.68691583152333,53.28366488886871,-121.90640129740149,88
29.35848582470378,19.742856688226205,55.219745485563806,-129.7383847744642,75
31.012992257850367,36.228792236134765,51.76388179116881,-121.264689794171,86
39.826794422014686,10.07605456868317,48.63061611878943,-123.68000126850737,76
46.48727134000727,31.458345781338803,50.540156271219246,-122.87928712126863,59
45.83594113375515,22.09380983753466,50.800015407082185,-121.96693956675989,23
16.400823534893114,26.1535136755712,52.59384422719289,-121.74002868726924,39
17.016139891006098,10.8128251429364,50.26774764341457,-121.3413290467722,34
24.493868104885447,19.92755245806911,49.31845821439767,-125.3112550136924,83
24.37673273138133,6.687054058678594,50.447502211876156,-119.54024864223348,44
15.71912333810728,10.375500642918611,50.61684938579707,-121.66656148846967,34
10.545005654232657,15.713781422094897,49.48415889035212,-119.0797393935466,64
11.304686664536176,25.376860145916687,48.89351938511805,-120.17107000746695,95
42.10801570065621,26.61377255469479,51.00715326240777,-122.20676501224163,99
36.518038833912705,34.220936968606146,49.976425634485,-121.02726856633294,40
24.80930989516811,25.34362709075796,52.886431706354145,-120.84797875153751,43
23.057134767277546,11.080212149436328,48.592940646432595,-123.5461517580184,60
30.784766513697416,21.078082428534724,49.66092465186506,-119.44678655161113,60
39.8279643033036,32.37896634507714,49.64502093944933,-118.67020935403524,100
20.832808874952242,23.6674084981842,50.38285598983538,-121.89115653625679,46
8.283328722631515,32.47466949044474,52.591143988514894,-121.08561487907609,52
11.928396098761755,-3.747227287457931,53.75743104810791,-132.3058526966723,39
42.3094237456406,19.41684359092529,49.95119847175096,-119.32516696085308,67
17.37893885950206,9.972798399728044,55.41991096489767,-132.48627563588087,30
18.4151023820106,48.12862222033824,50.69716810278177,-119.71366642076325,70
50.044860763137194,30.53019873955567,52.95506651694093,-121.8312893957132,97
51.21703236097548,29.316654747906526,49.79243176805482,-121.45152629487303,57
49.86983234678138,22.267966870293378,58.66421584823274,-115.94675830051396,34
36.204643926273306,34.06831737670118,50.23659097059001,-120.07014694711431,43
48.906748508500044,24.18884056822851,50.48836391246441,-119.60669742513379,43
18.66902364608637,30.15088238731722,48.64311381548994,-124.8485872527152,80
33.575972565103925,16.10969769753081,49.30429359815394,-121.82700955620732,49
27.784665641752337,23.017788076506612,58.09174961037384,-136.3106238445693,90
42.242226220531364,22.298653198427424,52.190824725328156,-122.0904988097277,79
24.709850933528447,18.31303813794769,49.60536405464956,-118.46652070882412,38
35.01821965490167,21.02074297171148,58.70261777337293,-136.3020119961608,99
13.986496266677603,32.01786234967984,49.45133979661801,-120.81146885897653,76
36.780638866370325,7.643704398689783,49.43458456049696,-130.08513842545378,66
27.64698708089032,34.71221184560056,54.68679204586717,-117.72499931801933,22
36.48946471129802,24.022980789638424,50.78495179059296,-120.67189136977096,49
28.448361991793483,36.74745967504986,48.70820683023878,-124.48270563569393,39
31.634172704100003,35.08028509392571,48.82844730075665,-120.99288859269657,99
33.314480832001124,48.10828401838128,48.641540593827926,-125.75114045840715,49
43.868447228501644,22.54208034781085,49.87011621834821,-122.65979329708347,35
17.57760367333499,18.740095101684112,48.96024958883237,-124.45608562285292,33
52.55578594853857,23.565174198186142,48.43775543016006,-116.81392010003182,40
32.47115850475387,18.995863191016213,48.32128261951239,-137.05302690424747,21
14.943494206594519,22.77193656512115,49.812422500244395,-121.0858478103887,93
6.222261715305576,13.315311493587918,51.87585011764324,-121.82953998864392,48
41.310840867929564,20.11210479233572,49.22029327552814,-124.24585696901046,77
20.214761169610142,26.234547285030867,51.06959807183431,-118.96522683350982,61
22.316677862277416,28.231492814405353,49.4723394677291,-123.1590493079839,43
34.40184132972086,8.567216463296294,48.367002737606555,-123.67573856783864,32
45.660109898176295,6.4569356649385306,50.5430885173716,-118.53069161126609,75
23.80911901892874,38.73458506721152,54.61073773298106,-129.56870199643168,31
26.555852161659207,23.926802122729917,50.24484838454874,-122.27349910314138,61
31.39866811860652,11.350051758682621,51.54136649182689,-120.93905527343041,85
17.040781552419375,30.87390692933844,51.56250416137569,-122.69507154056738,89
22.526909211916454,33.32708650784097,48.35353974038496,-124.4833524807896,75
25.620756313961838,23.10932126563308,48.297988707971186,-124.6965846933325,55
31.013357049536733,27.790850995592447,53.33450059339554,-121.73089050867078,51
30.102405871985063,35.871259118943385,59.51459149503447,-134.7121838530574,35
33.36518495510882,21.393840517484634,52.58032828349777,-121.6230056522372,99
38.76963631181608,12.88302741407295,54.154590863958234,-120.08373859218102,31
29.878300394837783,21.581240552821832,50.49198197051884,-119.25197791589359,22
44.14908697521926,33.76028108001934,49.90286211837408,-122.77030324468073,44
23.065032493970868,20.8136191378058,48.44183034629602,-125.55838649973813,82
20.949347955616748,7.578349581104612,52.42776623830968,-121.8237042088931,72
34.20357263904039,20.480403473757466,49.78873898686974,-121.43994885239363,22
19.111759899484657,25.216653094882137,50.07555492187661,-119.32657981264673,79
53.30269647783024,5.734259033995794,53.45283744497733,-127.5043629931241,26
49.10522283797149,24.046152388431807,50.91028165757301,-121.46335151454304,47
22.553003372579212,17.488591707900824,49.7575714589888,-122.09254554052353,83
42.35308691415456,26.585468364522363,50.01708574093885,-118.71029323958503,97
51.3624391032182,15.857888181657403,50.88917690394195,-122.62477164770982,35
43.626175228240825,26.795080668809035,48.46395022789742,-124.13932446100638,88
16.270152035027788,15.904980076751425,49.4128467685574,-119.02599083840809,77
40.019956195425465,14.641081062929215,51.307940282163415,-122.56068606021633,53
26.541204825538443,11.22007199207724,49.8785403338212,-121.68591534491786,100
30.502554913104746,34.358761311626495,52.13209726319128,-122.31227140733915,86
36.52470708193599,14.616271158624894,50.192671343267456,-119.2583551977801,27
23.23276268911949,41.581170272814425,51.72838801482015,-121.56655417383506,44
17.524314606095324,20.59056804301124,55.68201147414101,-129.87027035689437,23
36.088709993208894,16.859670852982166,51.30129593611104,-121.0469268749603,86
16.125476514370224,23.053718210302225,54.48959560188929,-125.33241821769323,62
31.916221407452632,29.675518703815904,50.79789792109406,-121.59910845005376,35
34.88207786713807,32.69931112676292,51.477354166392075,-121.83902540090433,88
34.68358857394449,32.13884233173739,51.75870368059341,-122.96929797283158,64
27.72921929346281,17.894447409353962,56.76149998841227,-127.76418443895477,90
37.873335562052056,31.41210779566394,53.96835480586451,-121.77039471115432,65
31.613327075330478,22.041866741957712,50.709055094085635,-121.19846065119235,60
29.659893606577974,12.298034217759538,57.22783902492802,-130.6022631086857,58
31.958249472802617,21.429803123990627,49.7495397919506,-121.13433946650862,36
19.008684049611173,39.496514015188225,52.61530862676447,-121.09585572601702,24
45.21600413158126,14.609642369978836,50.79882559416822,-122.70175799148741,73
35.84960135916414,28.93473316346365,55.51698169709466,-126.00820232962921,90
8.044351173223788,32.00945673999141,51.6397596306969,-122.66439897994178,90
12.552768740847622,27.27913463679884,49.29094221466424,-124.66876338911057,46
27.543729701115854,33.83930160026984,51.478478971736685,-121.99794652342848,91
36.38224760525079,30.45865999472121,51.17099338812362,-121.11034655392808,92
28.891405649676052,23.719310717724234,49.08730178265015,-122.90206343625087,35
31.78121746366231,14.720277206955672,55.501985815954704,-123.9000419807874,97
45.09202663421636,17.258376319921144,50.27316439923141,-121.21490933753027,58
32.6064231904507,25.959043759297156,50.217944293348495,-120.4469367045989,99
47.983513695190176,25.08046450059434,48.9440703550392,-124.17617719472557,88
37.71256114823902,27.833580550093828,50.59956389442159,-121.34003294036562,82
47.23194711265422,10.631357450456756,51.479680027963155,-122.86213727701384,80
39.47986829804244,24.625804635315298,50.252576611818675,-120.01185640181399,95
20.855403168065816,20.488897922511438,52.28399793887108,-122.00345768007412,98
37.767392848654026,9.459028375139177,51.282806688497715,-121.65017071438551,73
43.38871205089785,24.362356504026376,52.543650184192856,-122.25218180915476,24
28.160241501253456,36.82929543687898,50.588134633354,-121.25396855094276,32
36.74602719455429,-1.8714132910485912,50.675265423958514,-119.77709452767095,70
43.444397131415585,45.48352270511928,51.164526486486,-121.3654631729454,32
52.17919538406301,33.92665791480485,49.56788959768695,-121.74025688574336,37
22.57476766024038,32.18378803238629,51.65040342401496,-122.32078498462235,81
40.06137524547773,36.074099915658834,51.34184339024488,-122.62120780896251,69
22.584321107018624,42.79800178038493,55.43257824054074,-129.88319649241853,67
34.18346742181082,23.15968485291094,49.972859075207936,-122.59060139787618,97
29.287142970054752,30.079342870065105,52.48121051681682,-123.61908716348773,69
22.996775782716064,15.11456648835953,50.055736633557686,-119.19405590163905,69
27.13583164132952,14.796277200703766,50.44133713837211,-122.0142258892546,97
44.50940605261503,13.686352866568576,49.14063889725985,-123.8656869054562,86
23.66168605189383,26.597264635200222,49.23230910911202,-119.20392296397041,69
17.44004229908449,15.45743786054646,48.5154091522405,-123.05811768458592,32
30.776577827377235,34.44086917152135,52.65974544524826,-122.01164864811054,78
34.44923701061261,-6.7631041739098094,50.94220470812096,-119.73932258889273,25
44.78555616857103,17.812080672548912,50.38903377582953,-122.87818502014227,48
38.26146754367432,35.353196400606286,54.80976322918679,-122.42584195288867,35
18.078154639835233,18.931774414133407,50.371757880694304,-122.33725863546324,22
22.94604358916313,11.036810797157202,49.53878346299402,-121.75379707434922,53
21.04164094326491,42.060846984482055,49.90432488574399,-118.78111851495267,40
31.66902539967244,21.14923261970066,50.96046244282833,-119.1734332045127,39
20.434367169961295,25.445606220209307,50.92445630106881,-118.9927824629875,54
27.30575810612058,22.82397761056629,48.43725248550568,-125.38689297420743,74
36.88706390115384,21.26553832756957,51.260275191266196,-121.92130202144357,43
27.114622452592346,26.0042552966118,49.98832674726395,-122.6755002013184,42
25.07368738194371,27.241762826578377,49.14753588933654,-118.85229929891399,51
30.502261240203943,20.798060570687284,48.507328243296556,-123.72776541127284,86
18.80286093768674,23.766190721836097,49.21271146970711,-122.8950604155965,63
28.070407633357572,18.75667107793783,49.877051637543495,-120.01623362177912,90
20.694531899318715,34.26892681283852,50.428489068285444,-119.06983940379627,93
34.90270786326188,9.669934842379064,50.345596411636805,-119.47179563997825,26
30.81608543942337,17.043214667539033,50.140765989574646,-121.99394013900715,88
34.41217502446996,34.148362722665965,48.936125192328596,-122.19765456956387,78
38.29262520519114,23.720197682112495,50.25690275969352,-119.17594116824864,65
43.95537572706735,26.21635398146032,50.72091491729211,-121.13803090368634,46
25.936297331758347,20.31281472861315,53.742048022420754,-120.96488104153411,97
9.359798603626176,24.63565778739902,51.49974484935614,-122.20689478950192,46
21.529674881777385,31.293656807635802,50.19347856273363,-121.16626470824004,40
22.349194972191317,21.870688383705012,52.29248030815824,-130.4648207210919,70
44.332913565594964,10.928632023454309,58.81917511589004,-117.84878023692936,58
43.16071216940498,13.75939209481309,51.64345433496872,-121.4582108603939,83
47.32417218803533,14.614334478532014,51.72695366699246,-121.8872210361436,61
15.987509765170621,16.079826670955335,49.927109745810526,-122.72906443907407,85
35.98150488584597,50.813078985486264,50.32081230009819,-119.49023574103778,61
21.17092230297439,39.1035676754888,53.063585153791735,-121.53617881887764,34
25.620458032268004,20.943691349563498,50.48601305810267,-122.80560465154005,84
26.97175832526598,31.66498097373044,51.288439931572555,-119.25272236253525,52
24.981840962116838,10.7203226144102,48.498546192896,-123.98859605480865,70
35.54623134749666,18.702931103665755,54.32886830662529,-120.94890554583371,35
49.46405655399181,18.840128352822013,48.400894481314324,-124.0965246892599,25
29.64687120850159,28.143100792106747,56.67756268835378,-128.62824693314923,62
33.31697244476444,29.724538948880294,49.56393566879456,-118.7010925665084,83
37.90277507025959,23.662153373883456,49.226910941159716,-124.03266340467538,65
31.516566121744916,30.660073697233223,49.577982588605146,-122.28630209087119,42
19.718114864248964,32.841264535590575,49.753216463458784,-118.70699655987872,87
15.724484971334435,21.097662105632747,48.79937596611695,-124.99977682564288,96
25.583265922913448,24.68066098537723,50.904222511499874,-119.61988466725848,64
31.82693371276115,18.690179798464214,53.7810136829128,-121.35018420423347,28
21.869698237080666,12.02427741435475,50.0339689093852,-119.49663128776992,84
16.715102886072135,18.32346667390611,50.43210897148411,-119.13044643819538,45
38.618937113890624,9.38036605850832,51.51271318162031,-133.8021494515245,91
11.716027557747031,33.66909569598275,48.35368432850819,-123.75177266905467,92
28.34090659744755,5.86693930184374,51.90037671714763,-122.0933846172744,53
17.534837894980818,29.85791925836864,50.96164149456944,-122.93970606555054,83
44.87026568349213,29.635943590671893,50.07871484909985,-122.5522766666661,25
51.493907746677365,33.59632132084348,50.70444102685138,-121.97423722567896,61
36.63671151158932,30.60203005429271,59.99562130327822,-120.65075077595124,58
31.71112555174447,27.333181737508614,48.764288654714555,-124.81916277744628,54
38.78647231637426,28.881500865181682,49.843624157142,-121.2729918268253,72
24.877867558676325,22.284140131152466,49.940816277606544,-121.26852329392337,52
41.728572938090466,24.475611607476246,50.001698219365075,-121.21881456254357,60
27.85133089658686,24.052772618502186,50.71559237449455,-120.62526028722067,58
19.802771756619837,16.28580306686418,50.24700913075945,-119.19708302990867,40
24.204733082960338,18.90948925639076,52.3377947923542,-121.67057088982602,75
27.464389700190065,29.030024651484673,49.607351382000246,-119.43613833059732,49
23.923782602405613,30.538394462226496,49.419143369415,-122.26949778715077,42
45.01228956619799,16.095380372039585,52.292436751359986,-122.94001546004895,34
25.07504005992401,3.8465278478971223,52.343285132856344,-121.30860626634059,30
23.714251553151,28.005002896011117,49.55435366064571,-121.30100261265818,32
20.08426602068862,43.15625654769449,48.344017773688705,-125.5316504335932,56
46.297772229847,1.0773320342140615,50.357432057678174,-122.11670594132312,85
44.121379983888446,25.603313240547184,50.120548349306425,-119.18122702720659,58
34.57111816342796,18.04808282499328,49.31307669141728,-123.1017701248888,46
42.936505463138744,16.653786913956687,53.335944291258095,-129.2737348663725,66
24.013401140674887,30.921202113539657,49.35826638903165,-124.79437194085138,71
6.501532959020737,40.24393154444649,52.84175969141066,-121.15734769046807,27
47.51789506473289,27.81501479078254,50.60000644965371,-122.23544615877422,89
25.955355812702503,54.848559646629845,49.11799247164073,-123.31532103457185,56
21.787157139216188,12.76378079201081,49.6128527360517,-119.77489204335231,52
11.473070527210185,11.141702298276881,50.733918266586535,-119.68235245071433,100
29.99988278447617,24.525946049469585,50.067094336340574,-119.12920703311697,75
43.23157689941952,21.40265642681393,49.035954649236864,-119.37684752183239,50
26.64607144100361,23.59643635097333,56.18976619486423,-123.79316617025856,58
26.779645526241055,23.503067957434315,51.07160128595402,-122.18352966302363,51
20.361666285337883,12.268295603598192,53.34714767884956,-127.25983157909953,50
40.580554979084965,22.10125174101327,52.190717555297944,-121.18020033125934,90
35.33893358652447,33.60027582680408,49.30065566172023,-119.18352697253057,29
25.73580975308796,30.001754045263375,48.549134751505704,-124.28493524685386,38
36.32920052702337,35.72896429725298,49.398592303305755,-120.43286574677973,37
43.65367935421692,26.653420674452263,50.12109197981967,-119.05591719295404,21
11.927408823666047,18.723707060752826,51.44950759474615,-121.6293987868113,93
34.57624038955227,18.661216296418765,50.7652806387242,-121.3222563829252,26
46.451810306650344,31.57428248768465,49.942696190820485,-122.03967577508887,76
37.22887984356015,22.58933962552386,48.59444550103629,-125.68791685631066,74
48.1091438014942,24.450245042184005,50.11246628790084,-119.96566847565563,46
39.44653756589456,19.293604929440292,49.30861914628573,-133.50357199740805,33
51.40791678274154,28.610708608587835,51.46179465455663,-121.53200638207322,38
44.970985226026706,31.44110925040784,49.41567548597595,-122.125706996724,90
24.37219267265362,39.92261727692579,52.16597652008659,-128.9806022811492,99
38.79588258777206,27.590559987781376,50.559416015850104,-119.1943252867649,77
28.685527850387807,-1.961833820051873,49.521241883857606,-119.47073045484231,29
21.53349624382764,24.853888092727175,55.97616174597522,-124.1625761470686,79
38.08067942364887,28.859560537900542,50.44145882642636,-121.52574383158914,47
31.883980602260724,15.630130350936449,49.3100684416856,-121.09289368624144,62
41.038516392068104,20.10235525933195,59.3888813064581,-116.43743674016649,78
13.46313660981751,16.45254149475383,50.54171549441829,-122.95168913304026,91
44.472831684189366,17.126463167394377,50.43901741096421,-121.917453708673,65
32.747133246197336,20.321489934312073,51.94398654826317,-122.66790288314039,80
33.95714065042327,12.130997283197411,50.44219554187771,-121.1800518818782,40
35.85185115210119,15.497646474636916,49.05187069829947,-121.52473817937566,57
26.598022901103917,31.569036355388576,56.28733269331783,-118.32983562462204,61
27.67769980386772,39.03078520888792,51.24557299647286,-120.9294940769473,85
39.366946751003006,21.18765610753928,51.37915877670961,-122.06012627600995,34
35.06301902558869,29.603714487435223,49.86919621367034,-119.69235005306679,43
18.49935763786847,16.554124578718074,49.348259910171855,-118.49863370473014,44
26.86381928614652,6.417480782232753,50.61262370134707,-121.00918032499554,47
21.352062389345306,27.86370484209525,50.70634160827997,-122.23338669904207,46
39.083136929049545,27.928168709900135,48.92598511289419,-122.73407368733682,92
35.25583522705226,12.30414450841019,49.62749171794251,-121.99807845053704,39
27.334137993147564,28.981729747415052,52.63586329242813,-129.8756159598028,21
36.5648322065576,24.523929766858373,52.26006140842684,-121.32848091029443,60
40.59159225000092,7.65062289939993,49.11927342861266,-119.31471441996926,36
16.57725786646324,4.696092039357227,52.1758332941594,-122.94441172275718,52
50.965228682530054,38.19294753372695,51.168744755354496,-120.43290038045886,36
32.16219971838207,22.44104172770049,50.991526710074275,-121.47844632737005,76
28.965099401729084,29.265486347827082,48.98639590383548,-119.41567359807027,30
38.107347272176334,29.167198215899248,50.68607171913457,-120.50242979969737,85
32.69898104674487,15.246217351433465,48.28490560233657,-123.22866641649216,83
24.523372087908932,37.172739447872125,55.508207309798124,-126.30561386420355,30
36.416385777638745,27.781957091390595,49.91665206562314,-119.65714797439963,78
29.670955489196302,29.87066601572826,49.85882353229029,-121.99499438988829,93
28.267306358606753,23.691430177647394,49.09746294850071,-123.2175750956044,24
31.86702250980305,16.929352978822934,49.46683453027179,-122.82700224169965,96
17.062355530622213,5.794749219852515,51.66304138314034,-120.52190581587955,98
34.145558431607995,27.916529931352812,48.209774955300254,-125.21995559701217,95
29.469190001175743,34.86638802667341,50.63802316035673,-119.19353344328259,25
48.699638474139014,25.774512073157272,48.57483317950717,-124.26451549178792,46
29.687662582965775,42.21135565070424,49.92533998437273,-122.07344299454283,66
28.858689083598172,30.766904567187293,53.05183222214737,-127.34127179267321,72
25.196028461951954,34.983972538196475,51.79611670637909,-123.17424177167858,68
33.90887672439832,19.664790166834884,49.67225353150651,-119.55926248338403,83
23.32810577971529,41.43790862195647,52.14748846903824,-121.71699542399479,81
43.26783700230089,33.065329813293246,50.624882579476036,-119.63517862262228,98
15.538759739027366,31.43612760664011,48.28151587087991,-136.3300777070133,81
16.49395127864561,16.268587892345955,50.27461903186345,-120.29343909344769,94
39.93972613362906,21.520853734185426,50.168792344606594,-118.99875259413997,66
29.36127642937226,29.567262707830615,49.780267146241194,-119.56706332897168,41
38.24508109785715,38.96235582837662,51.542246292101375,-121.49783812676463,97
33.28998758001345,16.654165227950482,50.175392719431144,-121.77715205562197,74
1.5108035054846443,43.305535903803644,52.6890287849696,-121.22471837983001,77
37.11643775299499,30.38738065723184,55.3378587363679,-134.70118207115115,32
34.030295230946,27.711956238130824,48.69346382926243,-124.49098985055846,61
50.53770995916491,30.255793528172546,49.176318959662964,-124.67090576529384,61
20.097245110967194,37.708601921630894,50.727349635416736,-122.44340729661077,61
19.43622331534191,23.191259300769428,48.53058005904849,-123.64419281847397,71
32.65985440397102,15.99915887264333,52.01691370565722,-120.85019225062099,76
16.752174027419443,19.785174080451714,51.59277728298295,-120.43310364721393,92
19.955445932703547,17.40741902225384,52.39268421274557,-121.81446955890411,47
29.240526903456793,24.772395002593715,53.77878717178054,-121.09802181761312,46
31.71209770741058,30.726888239355286,49.10553304445233,-121.53193226556694,38
36.948485931397265,30.93465001907748,50.3447562753892,-122.91614764491948,22
47.30295176993407,35.975455524358715,49.30719865818238,-122.66048150617236,71
27.701333235591523,25.53409495571295,51.224314051913005,-121.32267157973553,97
44.994129059132995,42.37302069160237,53.358989651286116,-129.02502466950756,93
33.1822490585206,23.581010114502032,48.54097766993389,-123.46791350076163,87
30.676052167555703,13.413498678055646,48.99361986221008,-123.04767054058122,79
28.726796660611008,33.712454863534255,54.65604143014968,-127.30893582894848,74
18.504980452777716,11.70885505820899,50.05791320750177,-120.86820668422723,23
24.806996479274694,19.735574769624083,51.79301550527122,-121.16348986771506,91
11.728349327917831,26.8175368897262,52.01331399970531,-121.6544110543169,52
38.91301352753592,38.142014264194486,51.92932089739337,-122.64542430067594,53
31.250459902203655,50.389643691223554,49.39687406694283,-121.81598452171166,63
-6.4100651065557095,17.896809583514884,49.53082247626728,-114.9583475292329,87
20.804126947574357,37.30750781975075,51.33814501091489,-120.36290274606324,68
22.886758495033813,29.893185603633864,51.34557614572908,-121.68819619232133,85
34.61380188659699,17.748669180431893,51.45256992934205,-121.77153735142022,36
32.05386210571154,-0.8969929899737852,48.85988329030422,-125.54631774034951,54
16.063499121310073,25.584546979462168,49.418842130961956,-115.56972813461908,72
14.48367959725662,18.543273244502153,51.00748640112142,-122.12933358439506,26
34.04541610925236,20.991287930546665,50.13196594201604,-121.4474985917177,100
28.245085117555035,28.8099056900967,48.48045461402001,-123.95878122766904,95
43.28796847172536,19.071161414583198,50.697785041900794,-120.84148456363464,51
19.394109084025686,17.994882966145607,49.20532638871745,-120.96868130142401,77
40.23166196552209,20.253966103485038,49.75809237141261,-119.35229857095263,99
38.45432661054045,31.05299784448924,50.15583183585996,-122.2912139075535,32
16.501775966478437,23.611835335010745,49.66835092625291,-118.48628035653871,72
44.207211558354174,25.882849926866374,49.58193156185502,-119.44430919263331,91
22.162469969008622,27.412861252062406,50.36244422835693,-118.8563818976767,98
32.28313333054021,35.115333585620135,55.912399397393806,-124.39496191075966,71
26.200385195383067,30.822919110584177,50.37100981598993,-119.42588373141592,91
39.55488131132301,21.666306151897693,50.30668756414039,-122.7606451449771,42
39.18154149972235,24.083914610264536,50.13061600618357,-119.44473037142673,64
41.818594250175465,17.71689598431908,52.94918868847833,-130.8469771631759,63
26.25193437625098,24.635947376411675,51.256069754325864,-120.45915008878501,68
35.363606534073405,8.935660819754943,49.89964466006125,-121.92899355638728,73
45.37727691575851,16.81916392973683,49.27082525387302,-119.35731742135755,83
42.943189592160564,23.806156250008954,51.418103269831896,-122.76503359106164,100
35.80118541401313,23.63253682244067,52.9406164644381,-121.08986007382316,47
12.074605623316552,26.50678038686388,54.318662432543704,-128.04618246229066,93
5.374844080115111,19.209758277118507,48.504221321053514,-130.18478088566934,43
30.791709008126617,15.102006500867322,50.86753247076466,-119.11231275644899,99
24.313016057245704,26.96892864124004,49.309393709200634,-124.43223144514154,65
30.57279151099287,28.521200807945245,50.44615870476578,-120.70476045454026,80
35.49285589578237,17.689262874956693,50.338710208083526,-122.47761188754076,30
24.12966219260695,27.129080911779333,50.454491137311535,-119.69454092423743,44
34.530754140707884,11.925977684978152,50.92858670812706,-122.37736393386467,84
16.862344398348437,19.945904921610435,50.43344217854049,-121.95163825902469,63
35.178624062729334,24.070221106160407,52.63728536898672,-122.9059470154855,97
24.16943637477655,15.006980233194637,50.92644536481486,-122.7406247790781,83
31.777246197776748,38.537145400985565,48.42166299144241,-134.9542341838652,98
36.2190625467081,18.639195134016358,49.6900738823722,-122.62882405103701,71
33.50140054986067,-5.27721206380348,49.553734137186936,-119.17743942526994,49
25.396319189699376,13.952542297155526,58.97953661263952,-119.73709154963619,21
14.322744472088168,20.538268188091116,49.89471241651118,-118.61342145683551,99
31.13681264960435,38.447081691074445,58.01779771799766,-117.62919826409862,30
32.02584456688028,36.01741409149455,49.97283565829469,-119.97968077875224,32
41.724776960490665,27.841866923748487,54.67637152676603,-128.1943154486475,73
33.23256315275554,26.90688079940744,50.722177479024,-122.6895181480894,79
22.823535170078564,28.139497672442808,53.54616297706298,-117.94367737698653,38
40.83532440045169,30.62946299895979,50.36039565751882,-122.46187829089708,100
30.64287795078733,26.988233093456827,49.290054273938345,-119.34619582875939,47
24.869711286242673,15.446060848993257,49.96574836044561,-123.21153651955923,20
33.11475068548266,18.40285706478932,49.60022942744743,-123.26525774613414,69
21.52023694933142,20.45230263821596,53.48832579538187,-121.71846285946786,54
39.4949337460787,32.85619609696593,50.827451823914515,-121.90013089736883,77
25.996615711573515,17.162681559006913,48.966494453432276,-124.80779145173493,98
36.69773188013877,29.808417804516207,51.509057466535324,-122.62253959857418,60
28.330116958453043,31.17116842978367,55.39319124368639,-128.2039776129591,33
27.000578185193902,27.707659336963346,48.46103993657959,-123.85700969554394,69
40.31429111114601,22.946020958480958,55.46283326588262,-120.49448424675194,20
29.149168632273472,48.576932176738794,49.639721734708345,-120.84217646392841,34
39.360546827092485,22.402734813634506,48.905277908961786,-125.52748652882313,22
36.52203273721431,26.212990622768345,53.87274936120873,-119.20893026747721,91
43.2900779747937,4.627073080098198,51.8799282389781,-133.25883573479487,46
59.46802511504336,18.447350921874307,49.439959561852575,-119.57911342489483,55
34.09791897702959,28.91116968234059,49.30058499107752,-119.62654236005952,87
33.269897449874364,36.67815433419969,50.10067358224695,-120.65260019123718,73
30.40714122076431,19.47589250950553,53.418825270834205,-117.74330404115204,76
22.086934193336543,16.55461042621978,49.52042541811254,-122.89976950883553,80
21.848251852548476,40.16064737980932,48.32320954342967,-124.76683222057216,59
21.95341106486278,33.4723212935489,52.28672852712088,-122.2998128434937,30
30.90053675151916,30.549179804592068,52.917990545727136,-121.31076489190637,89
32.999111509152854,25.6332739874868,48.87932193584429,-125.18994993843589,71
29.32247592659252,34.689485965798795,48.73179039291001,-125.28501639194359,92
32.430716376693965,30.384487592807453,52.1168842065472,-122.60110250785871,100
32.150989225865764,24.351456126682283,49.69688353104743,-121.58950119791562,100
37.9346156860348,21.061849743333788,49.504418520527686,-119.80579270761608,25
43.92007282762073,18.980720250688766,51.529527707876525,-121.73319673368296,29
40.542588724870356,21.835091531294218,49.995687660523586,-121.68842060994896,35
28.00311391772241,12.248908502704529,50.01402123625358,-119.89544598598022,100
14.512913739724887,19.294865716565113,50.733127940669625,-122.05346944543223,38
48.25404729272531,10.683153490642939,49.113533508907786,-119.62672421276443,74
45.02292258311602,30.17630777423393,51.20855912432095,-122.0380223387674,95
27.1956365354649,32.515399616277335,50.016449647135204,-121.05948296025302,59
39.98240587868996,27.170198098664216,49.659265402877075,-118.9035393260171,59
31.32599919612908,30.742340919677673,49.0479807389585,-122.17786444461564,48
25.70526820481157,17.79991620259423,48.53482879761173,-124.98627778862135,85
42.578354703683054,27.64467154562719,50.46050249722811,-119.54255430131478,42
22.12236401888934,11.689125642597581,51.8203199353073,-122.26693938380295,88
34.63844904047411,25.72661218970284,52.15514450275964,-120.4278475441614,55
45.00949095680226,16.30659755824313,51.30711253223922,-122.9844561997663,25
42.63451029445824,33.4773010790562,51.31068125285666,-120.6616465767547,53
15.769437364167771,21.979869552922015,49.78588736682946,-120.96350629222223,65
32.07359316147325,33.51833564770141,51.81503869441882,-122.5013646191802,62
17.17063218461745,17.58535106340179,49.10123940506811,-125.50212115770182,61
28.5876221239263,25.19752446495034,51.03246968709598,-121.12436609729313,75
38.03786523735409,28.95331679890713,52.29400553030391,-122.05053520119397,34
42.385186489854505,24.270233946118392,50.872197177495025,-122.56587187350489,76
35.16918715337188,6.49412400207974,49.255502390283745,-123.34750900932897,55
10.609209363731813,23.519403739217204,49.85194495173687,-119.89451045755771,22
30.114649180121322,32.86545991750899,48.61755034245485,-124.00807470601129,65
21.869403816723175,33.74327037949685,53.545209490073255,-129.32120504809546,84
32.4818531295754,31.520946055881716,49.16711071795476,-122.58904058953613,38
42.22116752861201,23.099309666703093,50.59728440319386,-119.51479423830962,44
17.597534019142795,21.86381079476191,50.842412697580265,-120.9883339388711,74
27.94681825731573,32.8004803014617,49.70647728031893,-119.43220837189365,40
38.099457944702934,15.202023990696667,53.305841992736404,-128.27654095959926,46
34.017838942969846,12.962486026578619,50.723997578737865,-118.82807882540995,61
39.945737794181476,33.01855927149376,50.48535263497846,-122.90427872763952,31
37.27290881782169,26.23219618377639,50.47383051567637,-119.40719516531583,79
30.207269554177078,16.208503815077236,50.85992769348156,-119.21929666397973,44
35.68492882109346,26.729918024055173,50.97138024229452,-121.54404628578524,88
36.44097834336458,23.168330227072715,48.8760626064495,-123.25648116789002,83
32.665559664056076,31.25410209705632,48.272407152490715,-136.8053711868943,62
41.347886379987216,22.01860965733662,49.87425083006635,-121.89418360650876,84
32.12241981736685,20.29401883557566,49.36562063954602,-124.56394173494242,49
38.12357146321208,42.54463877074234,50.03039793761915,-119.25785609768491,97
28.93841759952196,14.696383904953162,53.69826776187039,-135.1153208934847,79
11.087874733240392,23.828669698111522,51.320352082859735,-122.74997386383136,93
14.125214999656919,29.583091049353758,52.90628919639091,-128.63100205630522,68
41.788741365817174,20.281488462854913,49.495451743511644,-119.16232546538383,99
14.252437778465554,34.12354871185974,50.453564862278284,-121.05722531883805,21
34.37831262225331,21.248735065353912,50.886124470616906,-119.00020719772516,39
21.233077277032493,25.70066434810049,52.09291692253983,-137.66408577660067,93
21.898560426280042,27.296818667333305,50.953870547642374,-121.12840379278883,57
50.00739763116226,26.467983787285423,51.36099538280713,-121.82205179707319,50
46.616660512755026,12.12012511195971,48.41290024914589,-123.29870180846525,86
11.513923887826314,22.674017760755106,50.204783874142144,-130.5919330753533,64
28.29869956817062,29.336649790242106,49.67438044549451,-123.04975237366398,32
34.213783628888834,32.219350226963115,50.65688511301211,-118.98043975216002,88
7.31759233842054,28.47219181695619,49.80955141005326,-122.48646670527678,97
19.839148730897865,30.20158682343246,49.35751708880729,-121.95555150850487,46
26.14769820055003,27.723786868883753,49.417273069952245,-121.95613847570804,27
27.871200946338465,19.441471329511618,50.48483260947283,-122.64896971770538,52
21.671024857893876,28.87570761804442,49.302629174771305,-118.9296429526135,31
51.345342421745976,11.187271103289039,50.26551372129347,-121.37461508666658,27
38.53570664431703,21.54117744449645,51.76640795572913,-121.53961596629063,35
39.113999699619335,27.176506378163705,51.760842730133646,-122.15683799631634,24
23.5671519455856,24.541577634700896,50.664271638279565,-121.28555046618719,26
33.75742859520556,27.51162906985812,52.301080832669626,-121.98822060294263,93
29.093744690311507,19.18374922732481,52.4730704283435,-121.61977664693963,58
34.96032820106714,12.596169465712242,49.71605045981971,-120.5746743231322,24
22.542776350917027,16.92156420709322,50.1799503330578,-119.31391394416976,100
44.23981875549709,22.103620954787278,52.56047695314146,-121.60886320159688,47
13.318827179216278,31.512326130735477,55.25310791808577,-137.25846830392115,46
28.129774903412084,37.87507894003143,49.70987529017083,-121.5727927401084,95
40.54470491662171,19.635700638146037,50.274834999769226,-121.27024528788063,69
30.67773875258833,41.124357505105436,48.697008828025,-124.47026410750159,42
29.439977326430633,27.91805274589968,51.20812857504061,-119.96588101616426,48
22.557079282075538,37.1024420512867,50.23839086049372,-119.20689314237272,71
13.973720073336482,28.96306270580909,51.33843215857618,-120.61439917173621,67
16.760079952203885,28.90419442903411,49.64932683741768,-121.80072516769182,95
35.87871006885303,28.32710213031236,49.169954722365276,-123.07401479686979,81
47.679305546959604,35.67697528643438,52.010932873601334,-121.00928126354363,88
35.72985915263581,33.949206492855964,59.819662979748635,-122.96220918940588,26
24.809304946939708,36.47469672756508,51.903724901359695,-121.27883033429741,37
40.783060614612204,21.98726300138847,51.06120277413673,-122.29110429935771,89
32.06377385815162,19.374437098104917,52.48602470729395,-122.02994439463217,74
15.212737847959994,20.69996017160941,52.14402838153796,-121.41627575399556,68
25.4858033522789,20.56356206659543,52.42010405622462,-122.93756919701691,75
48.921450558678465,15.823643535988332,49.08830628769682,-119.61386831222308,89
5.134836389007016,40.3945781880254,50.12617546748194,-122.00250700533115,74
25.46163105210314,37.114069369477015,50.70055765362164,-123.36017245096694,56
31.45544786175299,13.30268451503606,50.82776814364829,-121.77321326786259,31
30.405404400613147,26.46149813206975,50.64316279017862,-119.9711124003464,95
24.45226729756467,7.2581206546082875,50.71501369342832,-123.09770849409945,93
18.243027677851057,37.69571236333892,49.92778766053577,-121.53396648755161,25
41.77352039882628,27.685010638741268,51.08779514805025,-121.62257614087758,99
44.44169888952802,31.589113628711612,50.735097555159385,-119.61660051946748,63
17.51981135534281,29.081461683948387,52.43092753388589,-121.58923356814572,94
23.96472148822957,43.37789816179703,50.064014981183334,-119.54085747967605,66
33.35289869797302,23.06580313784743,51.06362780682266,-121.89911563898829,94
26.68882432162711,12.944038775384456,50.53053210864115,-120.7880506564087,86
39.687971953829255,30.209486622897334,48.6805937562558,-124.70610444282782,39
18.142999700350025,30.277614919773452,49.36006651717144,-137.3336720870237,31
37.16092585396546,5.319660456187708,54.883045907977774,-129.2531825322502,80
19.67897065227992,33.02221675333302,49.95572116635139,-119.32345338077248,71
17.837334258353096,22.972958773989525,51.29455546328302,-122.53551869523479,70
30.145431769833774,10.53738842079086,49.5464903608116,-122.30262414531217,74
45.058840473276256,7.010819019735421,50.277175507490824,-119.28058985155688,33
41.5137493838692,16.326287915960208,48.91007067173067,-124.60306796164636,92
22.45528770216069,32.58720284512719,51.621293806299256,-121.03713319699429,90
17.632620885374568,19.49865330748163,49.234406938604,-119.74262398045538,30
41.72065276501413,35.391429067610936,48.6363867248741,-125.7807238281368,49
38.092584457033404,24.2422931981902,50.079243128173744,-121.68070629978202,51
35.55639705038235,27.56943414237879,49.40406306669069,-121.62498513150528,58
35.61915627404978,26.689176403077,50.018435077316816,-118.71422657880663,67
2.309337104477794,26.48927255468368,50.63532989051565,-120.68155738943159,99
11.199214812722547,10.129553775195658,50.15527214046073,-121.53561249077862,50
45.64402606675561,19.877381050147914,53.80195707897037,-121.43856273470935,37
32.222426074873034,12.8868172448815,53.395179218954816,-119.36595905795218,85
18.026611724966845,20.53468793154058,49.494532815224105,-121.21150888809561,27
40.772548183493065,20.766229789748575,50.04225180312427,-122.31505179553166,39
35.31294771575023,33.477120148062575,49.61482165039594,-122.44283711168164,49
41.674368122255146,57.51893787192851,49.17310620290342,-123.22205954730892,86
30.13033262748037,28.443653808127557,50.23305011202993,-118.97590738085869,94
31.876355392834974,22.131996925217454,50.24940398916607,-119.54779603278458,40
13.287059102418109,23.908379041179515,49.628425354173395,-121.8198276058205,45
40.69283702810822,23.821596236685643,51.33852588519415,-120.00889365987206,45
47.64159267774181,18.329679940333744,51.60337659974387,-123.46493005417102,26
27.585525878968095,26.834764855964586,49.82004504138854,-119.19639555999309,58
30.056998150867525,31.11971383610729,48.926407530404795,-123.88548934940646,35
13.67440926745779,31.384826678975976,51.506537653981795,-132.7177325428733,81
24.47773459582001,19.36479892803999,51.39636231491094,-121.67943794229824,38
34.99101729739317,39.47513123539353,51.39460477972111,-121.24228366501032,82
39.30850266800258,32.26377907955213,50.299142322118335,-123.07512443720316,33
24.074431661084454,22.56471318639571,52.25211933408519,-121.67302297952105,70
29.51536458447309,18.76463721976554,48.284180176353544,-125.42805818731277,65
13.982769908085217,32.368401638852376,49.29612993032372,-119.26183836535144,57
23.783874358050223,28.41717042760695,51.88682540143914,-121.28219469457511,26
46.21545733166778,18.12144014184303,50.459909461686244,-119.72734410398145,74
13.61098213258806,24.542873924874723,48.56139141061747,-125.45330819765611,85
30.694053205328338,28.536382581307848,53.389386504405806,-137.15038971046715,82
37.706045964168595,21.545562957294422,50.54264554289188,-118.77011266698125,90
38.59093981784108,35.795154230345034,50.4242479210964,-118.87956697716668,66
28.449533969752213,28.81468066582577,51.80745982245998,-121.96144639499552,25
40.4979935824506,8.382736274363445,50.24029415960612,-119.05360660068453,28
15.267624295690998,32.80158851814898,50.734110993751656,-121.33821764064972,27
36.841730555527235,23.262414194105897,51.52753845282292,-120.87056108501555,94
24.434549700868494,28.66549928934334,48.96139205690033,-120.95847408593538,26
38.559847243603755,34.02594827293731,51.10170568108459,-120.54248200755147,99
30.453083019229535,25.210572235107854,50.580375022907134,-118.96948391977834,81
32.42385110313765,15.397300163981921,50.538917252223264,-118.78870021509846,47
33.292411428220284,15.819891331243431,50.00822862735349,-119.8601883494628,53
19.5038663585205,20.144856237166348,49.14223690272273,-120.95014992155185,82
53.78594524276316,13.644616902595704,53.486108366087684,-121.64730057608968,94
40.734035791718675,30.323562992232908,49.41790319040901,-121.42231378321085,90
31.042554924179438,41.33171892868203,52.47635268783214,-121.8550463399624,88
44.916136563012465,18.273469587434437,54.06993783992488,-121.70756070699791,75
26.64335164221496,11.966229045641157,49.303947703443974,-118.885623904066,20
20.694225678135762,34.46545504269881,49.95245377683982,-118.53312816642406,74
30.371335669397006,20.5582135673832,50.42457184009408,-119.43008355608104,58
40.759716452536836,20.903967871057223,49.486335471131284,-121.81766602468704,80
34.229663698648416,31.735141662326736,49.03700497583385,-119.91706060337135,25
30.389316134893676,11.729604992735261,50.4788205447314,-119.4873019910292,24
47.61954536403813,43.160708036348815,52.070668844195154,-123.55009980973107,56
36.55892603638464,12.220273356099192,50.60650139552456,-118.58096127832496,60
30.301822525124606,14.329605682370095,49.19929824301376,-118.64316408465992,42
41.0407345949696,19.29598734257061,50.48789026000493,-118.97525759253773,73
26.05135887377207,31.78114807062104,49.91074142783718,-119.69873238348009,81
17.50292637267846,22.277560499128374,57.211883285390094,-137.55213403914289,24
33.660597325046595,46.16753428749537,49.22691578806778,-125.7081964453458,45
16.750857611018006,8.958943782396902,49.369795202900185,-124.33037237191029,67
54.923571905004074,16.344789880269797,49.96930581852356,-121.54115807880929,51
36.79999203990273,18.159813123965687,51.08797111952096,-122.27429363702758,23
46.23975549152242,32.700433562754164,50.1534985894217,-119.40243390772181,95
38.87715096161927,32.563575464850764,51.526608448804026,-121.8703460665634,48
31.98672424159848,20.40252101183927,50.35632542120925,-122.07037719596299,51
44.213803299854625,22.892954436326885,49.460611727761034,-122.72100738624869,77
34.84483444648513,35.60105864575851,51.158918846367406,-121.070067244301,72
39.912982673549365,5.273344306275527,49.43241827280556,-119.28094379708774,89
40.57524584682324,40.69441011634915,51.23783770140545,-119.0850368778283,32
34.683817403574714,22.165693778099833,51.411431577806546,-121.32167527393862,76
25.92872409557773,30.009960577859097,57.596941423543356,-121.23825927563342,21
25.41711140748929,14.234110070987503,48.48177422643162,-123.30744591618152,83
25.6609536139705,32.0668351945093,50.207091354586446,-120.74019772623473,36
47.445643292996934,17.997662970146365,51.547190035646906,-121.44547006319274,70
26.810591304826037,28.48369235352797,52.42035122598323,-121.62926459830722,24
45.79189545366051,27.89235218075201,50.460431251463824,-119.64134487634476,29
24.573220359553204,27.35072736338518,52.463944638877834,-121.23613391133877,75
31.21033901009698,28.071928106673067,58.51718129245468,-116.03179662902642,30
44.06583701391606,29.019675058278242,49.62923998726036,-122.55510917643626,33
30.578553909670706,21.542515354955963,51.82440340107571,-123.45522297521394,81
37.65540167236545,29.902362685545995,50.367094370511445,-122.1084247125217,30
13.714010657111904,11.020530656632282,50.62088510743025,-118.91174379478633,36
19.25887891819224,33.94442145362978,49.91464109143176,-119.72955290197983,90
52.27997510972673,36.83774389618316,51.1319516135575,-123.28589876020739,53
6.5564028821217475,27.805225901513253,49.944755749381045,-122.25380532031986,25
32.03063507001344,30.257750260413626,54.32085399194664,-128.3868956340781,100
48.35052042290827,28.085817810837625,51.72996610279717,-121.21543543095677,26
24.37554755872992,15.371688171488923,51.88660514282892,-121.87003833810203,76
19.17379223137088,37.57122389376995,50.11059836799204,-122.55145417858981,80
34.74652872686931,36.87434668937984,49.735636157445626,-119.66921147076953,60
29.009554134760346,23.001083733985254,51.56530008737273,-122.46662977440825,93
24.682361633446977,21.89300636511152,56.91162070979843,-123.99329734785425,99
40.97979415916113,26.156445499828134,51.675465740311864,-121.83335052435925,95
50.048330404076395,19.546789466131717,57.89969456393345,-129.2476519407041,68
44.17930008375831,19.0493033480922,50.395047793292896,-122.0156590631567,90
43.02977845782058,5.917775882460831,51.60848242111915,-122.69668103295288,86
47.68921235056309,34.02596951296576,50.597236326778805,-119.48120129612472,46
21.896745710168993,18.990293325477587,51.81204383165007,-121.52910824693153,29
36.07078590522244,15.500580593168925,49.68367792341651,-118.91367735295803,48
22.00851423754808,4.146877069088933,49.098721534697425,-125.52806730863836,83
23.009973542780735,52.46811475015924,50.263603777693625,-121.54769464639286,66
23.25761788149291,25.801893496960457,50.0266027262328,-123.30912503829055,32
35.98787781053979,23.809698115184734,50.28600525282556,-121.44599653045512,63
49.52891144809115,41.731003892477126,50.65941796766947,-122.36597314343676,71
8.968937950646815,19.619315672741404,51.96115219219394,-121.3730048292045,86
15.502066215969183,30.444086391644724,50.94074007209015,-120.18127113343184,67
36.116991819166145,13.336067793354685,50.59019038155246,-122.43573102829914,46
32.479340571267166,14.405091484219717,50.215395897814126,-119.8778406013637,44
24.826340892275596,17.233112251043153,49.63067772796394,-121.91159209788827,23
39.34895736892544,40.73514910916655,49.12255601716786,-120.36126731921067,55
38.672710528326455,20.770538453833026,52.271874796687314,-122.4179643665458,82
21.576654005535996,5.856393620156096,53.64982536163559,-127.81489402852823,44
30.440416539960452,9.529948715833708,57.45661848499675,-127.88040711969772,41
42.13393047211152,27.0603262511148,52.011815608312254,-123.01870419916546,25
39.20503010720839,21.779506855246883,53.5406143388329,-128.97505177366932,45
34.82378362757446,25.955853364489478,50.76529344155449,-120.96279381818451,67
36.09937235036031,28.820831139302182,51.48152082010306,-123.27010212720795,61
28.115444377155985,16.164955335051637,52.267552544691405,-121.92466658141649,46
50.45499592624668,28.72541651866917,50.881060335651725,-122.15874161644118,27
31.47781888610362,13.235185735307375,50.448866353875296,-121.88603169549816,50
34.5061110736652,13.997791813283214,54.73040958800269,-120.21785827074105,58
53.630477635403516,23.492302802226863,49.67630973645453,-122.2934831900033,97
26.1144532493233,34.33091042899804,50.2599831581382,-121.71075786282327,75
27.4596281377237,20.924511964729156,49.22139215179633,-125.09265819198781,76
27.397123439001447,27.684778246903488,50.134861093421954,-121.53154133242131,86
29.210654896238676,29.54857714388524,50.673885443024425,-121.79264051621522,63
33.953049190864895,23.843050217102576,49.87270911263439,-119.34267083628998,96
21.902742243868474,30.08073652646226,58.575307398943735,-137.61852905662738,46
11.743553044827511,32.350078624216366,51.77542997436435,-122.54190567746339,21
37.16959606687017,19.392410110429925,51.611997204028405,-121.46083799325824,85
19.369252892103518,29.428884432539597,49.35438553424753,-123.11569790846305,61
44.71606489380519,24.241689132875507,52.77656774088343,-121.80041159782631,52
36.60975617862909,24.421550639645304,51.00403631063373,-120.27358781988757,69
15.771064195859223,33.446808102943805,49.74962133178688,-119.76343410987296,66
37.65926380298867,14.757500009952693,53.21758729729958,-128.29742363340742,70
34.44110839583924,33.867424428033246,48.87180911746939,-120.4902649048782,99
5.57495161240689,33.80812976865828,49.1747329440845,-130.63693262156565,80
25.515234426051833,12.10262825187352,55.60100238560026,-129.81644614917826,32
55.465169003201154,32.3604018259338,52.18174437564222,-120.50706997909941,63
28.04258102274187,21.77031294615543,52.3767942016746,-121.47935916649256,95
29.940841947204543,-7.2288390401917555,51.60548176992435,-122.43143957382853,45
32.71186050362856,14.266488068095656,50.71293478101652,-123.07826282493212,94
39.12224091124879,30.25138504293601,51.98741638274082,-120.91411849314389,90
38.80153228569218,29.84129707729416,50.52747197393544,-118.67513515263497,100
37.962258438444074,23.86634682048034,48.69963024585262,-123.54769587297324,58
24.321111726020572,18.124883425419316,50.11530923758899,-122.8710129562554,91
22.166535641973965,25.869303417527004,49.67490294860101,-120.44590565718784,67
18.619972383930502,34.86036755867509,50.48587110744141,-120.02000461945504,58
27.551196108158965,17.329523844596423,50.36925898624131,-119.71296714100771,74
22.05912957504468,24.61421092345086,48.80846989824367,-124.11242133196937,27
39.56278349584629,22.68781583507573,50.60397295029694,-122.61616921783394,56
46.038808842167995,26.860187338436702,50.9871186783256,-114.07593566804739,91
38.30766131361057,33.532985516239144,51.878126692333,-123.06429577760753,78
32.81814068455437,15.124044587801835,50.02941874948471,-119.29799146258536,69
23.73184718989546,16.150127799786414,51.118549401855276,-121.98160754591588,35
39.11661913787586,9.787404926736512,50.44638970790573,-121.69372410830583,30
25.771628867643255,15.031500425698235,51.031803704004965,-120.64057469376003,32
31.93869192355789,15.246397569548792,53.82272352914251,-126.59181601944329,48
38.627783015166976,17.21317133802587,50.288447953699084,-119.79393561336222,22
30.455056507767306,35.649779786622574,50.31878905382467,-121.50856248209881,65
30.635605984592967,15.333706818691967,49.9794606030375,-121.44012344902507,79
31.936274817767934,39.173851244954726,49.49473854449035,-121.6686888910618,50
18.20519364984629,13.92831124565781,55.757335093157515,-125.12918268520792,37
17.86005614639426,45.66913091074647,59.17022725039851,-127.66800358257066,74
23.58499237526291,30.344622633258425,51.74841342727085,-122.50334236306698,55
16.030684488225035,12.013508601625482,50.065351231739754,-119.57902617115509,87
42.155164940538896,22.477169918196545,50.72786676901315,-119.1733883456749,58
29.009176812372328,24.631782860027116,52.60795168755225,-131.74987626106196,31
44.15089855203407,23.46101921197997,51.49006586963542,-120.513881716156,31
31.36900813408338,24.02779989685545,54.909622126251094,-128.95217657295703,95
42.16871222252953,32.65810413410144,49.916981511866524,-120.83953751654131,41
33.28208306178608,25.601193769338806,50.53614536595223,-120.27590564005239,51
27.1598490912602,22.641156624157638,50.51367770919469,-120.47520188912274,31
32.012137714262366,27.758909355695334,49.7227431444737,-122.52552740936943,90
24.397259157715798,27.937030791998264,52.44709069470486,-123.12149271129009,86
28.09789058447512,27.153191822479002,53.203931300528026,-121.54557917589405,49
22.89362417955853,34.73687939247557,51.01332484038389,-121.4674426554961,83
34.40566160140188,27.791810270046557,50.28094360669566,-122.00982796686813,65
38.214594547880246,38.085788823794175,51.430913662681384,-122.75319587775476,87
27.29477247297519,16.958282386901626,49.57430075383142,-118.78248442725217,55
23.357096936943844,19.343666037782434,51.56485758182822,-122.30482557754809,88
53.0777727643602,46.37818989780689,51.06172102985689,-121.21047265907285,53
25.049313454431946,28.145697825625593,51.06816807391635,-121.41760699285177,62
18.758984825762642,25.59746311087761,51.05987094961024,-121.41636256312066,41
22.935382475966414,30.371610668197587,51.36333184024839,-122.04458547733823,52
24.476667570766423,15.03636989938809,48.92930359527107,-122.3663695921632,72
35.254042580637275,28.802989194780295,51.01055970609413,-120.79058211656366,97
-3.956056967692327,10.640940281394313,55.474227770558606,-124.00662027553928,27
21.863078526399594,30.378724667822752,49.577131873860566,-119.20114268417764,32
32.363078913241864,33.070903873602866,51.07576461295052,-120.9596903490488,39
16.025304418189936,16.936827227242663,48.44564370490259,-124.91841878393772,54
14.969781946891242,17.68497956582951,49.28804069984909,-121.9108785669609,72
21.5033098608495,18.19846924626307,51.69526811496977,-119.17516509446989,87
43.91558367646521,-7.604975370656635,48.43423400664387,-124.509713697636,91
27.230174138489676,11.751711625512133,53.5974850154336,-121.15010218349082,92
48.640599387846684,25.533105738511914,53.277709406128785,-121.73065495710222,35
41.72014165851854,37.59725941734642,50.484955473838696,-121.05138292983693,74
37.09266637577585,29.862987326280653,50.10151412245381,-122.05821875646879,82
15.410126321498723,17.014624656473845,48.23649652675715,-125.61993578375504,28
27.99739857434192,23.769800973487584,54.1632912944221,-115.19882021489809,32
23.089411373096638,22.99210422712342,50.00737229012355,-119.47621307560533,28
15.823171610670162,14.093959575471816,50.59227894233724,-118.43041030662056,77
47.85046112674594,33.339925010137804,50.659883827451985,-119.4849529978852,55
40.58261183493314,9.645159166132478,51.74268894191658,-122.03401945133547,82
17.51422434292293,10.007988782839954,49.397564213524866,-115.10613398815026,79
41.44820281235106,23.635350971609576,48.837726160375716,-123.81748882555392,100
18.62186435707891,24.18470713631387,49.13739985992421,-118.49504299768874,68
26.111026653782893,16.49482478498826,48.361027952179036,-124.47857118771488,57
24.40323656517731,23.273051959952873,51.043085145920486,-119.23401264325116,65
15.676604225183375,33.27529382877888,50.46770111072479,-119.95391976687833,77
20.55163658668269,16.699760870430993,56.39687721500654,-123.44602635123584,99
28.161624473313495,25.04012472971443,49.75637844944014,-119.66887499561504,75
29.11213437164828,8.835911647082513,48.88063738417557,-118.8092211501684,68
47.280885536970764,28.539984650623378,49.963400213993175,-123.28382606366438,39
35.78548119923027,17.260270406140627,51.65355500651773,-121.35291111126575,95
34.628599438820316,12.036962813251995,55.945635402399,-134.11524293925805,44
47.219528387997876,21.994453855389743,49.86107314068373,-121.35207534684339,30
38.5630781034133,26.645894412781235,50.904134092840955,-122.38572466280243,77
23.943424402566023,39.47512424394417,48.20412935105126,-123.52343477031167,79
57.417279484994786,4.3313606346939615,49.817552700387715,-119.21518181583176,75
50.216306676036574,19.37154360263296,50.091473175242875,-121.43328068880915,72
32.95258465073025,13.863932086345512,49.40932483149485,-119.08101623919144,64
34.48987657085051,21.67513429066033,50.05924074712673,-123.3212619620503,83
27.939090333513274,9.23808362691698,52.818129880550785,-130.22440948915124,82
42.08922562238073,27.1909673009104,58.293933332503116,-121.17616015291144,50
27.652158733491696,14.158686811032974,50.46992335269015,-119.17446744388059,25
40.71098560049024,17.389967478614,50.86405552782265,-118.49927892585403,89
36.30944689956505,23.522199416156184,48.499494784631985,-125.41783126472475,66
40.72459438070667,20.009467978920508,50.4292603239499,-121.92274357877147,79
33.19200196972245,20.199849179916363,52.20307165989747,-122.44665248548812,32
26.971566655232266,21.56396716294515,49.39887946801524,-122.47852620005845,44
18.904919976865333,14.417345742781764,48.60302756172229,-121.38013568617033,76
32.81809244143538,25.615265067173954,51.2377803970407,-120.29026439850728,55
40.83785192581836,25.35263552775014,49.80250842344863,-120.34526112052774,27
10.183346780749128,22.93158400346599,51.75562075645679,-120.9277852821333,83
34.882912564903876,21.08463323336335,50.816038364775046,-119.6349391902327,54
27.49936164513656,-0.06139377500516091,50.37727605604953,-119.27077278784319,96
35.81096097688511,30.60212708839198,50.90166604245574,-119.3753226309316,97
27.775589837251403,25.471207737710696,51.80881852163886,-120.64521915456731,78
31.406145691026147,15.509081734340038,48.28265314354673,-124.89146605637035,79
21.206802951946305,34.541704752348636,51.155056840678114,-122.2121832646619,57
41.40865623682009,26.773341643064665,50.25891552912263,-120.96942707475367,84
51.71011524584002,18.116768441101467,49.8442046558309,-121.73879423976412,40
28.715704021555133,30.821112909009535,50.96982729357453,-119.27902121576004,61
22.12933771132186,12.71271608388014,50.53460338487419,-119.61245584287548,77
30.71762493216217,27.70692084733437,49.74869274335514,-118.96656046005114,39
34.19936421538242,27.37974558860849,58.297622045465815,-126.50779300533947,95
6.674178915352778,39.80051737819539,50.19413968424919,-118.59156708325224,37
25.18483173896624,25.628904696750606,52.176543129461336,-121.84536610392188,50
37.15510903933597,27.041703543778063,51.074184216282674,-122.07788574114713,58
17.642167285649418,21.399935029834268,49.19481907723881,-124.86610026855845,34
16.34532721535156,21.07654356174988,50.15405350697751,-121.99830824954482,89
21.78439307317342,14.27222785979357,52.7646291417729,-135.7593420515085,36
36.3470882752058,26.735023692495787,53.76939343266154,-121.5839847344517,61
28.94716810810926,32.145187506295116,51.80654205338373,-122.9136702736195,92
18.134444901648003,36.34392514089104,51.391461963677315,-121.9383291056925,33
40.59639195572097,29.330584633192974,51.79467299011332,-120.17677086725627,89
27.669660415933684,25.030730982699485,52.04051937657394,-121.47525507318396,33
30.334736940916287,30.637029008589217,51.950956144649766,-123.4195554444325,21
40.64275032533121,32.13516070086046,50.285177915400915,-121.95948123900305,36
32.19083105005909,10.961536222183417,50.931537301039626,-122.25730897595889,58
13.037921731607817,15.140364112492788,48.86890909894332,-123.68934736180039,47
25.24595830632305,31.880379949060572,49.79041987865906,-120.19570749810165,85
32.568230011231,33.80040182025174,49.843969289644235,-120.58994086817555,23
44.286242551362676,23.567499567009047,49.929162076844264,-119.7056338116882,44
18.47420456975223,17.502010446267228,51.18272318377557,-118.26265839620598,74
20.076090486716552,29.446004128192854,52.60053281004192,-121.51617392043221,73
29.223160608086918,45.03024711003541,52.18031230009764,-121.59997792990427,88
26.8446596000686,8.325482762573289,49.27600652187558,-122.50556958074633,86
22.131980407007692,37.44275584462258,50.13956913188313,-122.82978370803295,26
33.91755117592607,5.432303597924393,50.98284826834575,-122.0484452282449,48
34.13845470642899,31.267290981935066,49.85906034682088,-122.49669709492251,76
22.454049343384693,27.57336415998257,51.25037156108528,-119.77652339266768,66
53.994219899267655,40.94109919841031,49.48039611557323,-124.45962742790138,33
32.81923602632571,8.378456918871397,51.830611584865125,-133.4655397215662,34
18.79680777933058,23.505074107243594,49.712495576757824,-120.7806807792034,64
12.953284908089241,16.785018518986796,49.6431611178269,-121.75944917767177,58
29.9757664046256,23.314618680103457,53.55933378431256,-121.59732512550727,88
21.028502944760113,18.84553552546303,48.91824309080237,-121.68784124988203,90
31.797133114220227,39.55882354625372,48.99057981144759,-120.07250566056457,98
21.719229378706075,42.865698670468674,49.69162369702819,-119.60944827468917,78
46.66402490110208,9.798799978504778,50.757420871517276,-121.36454406485585,96
39.284229276767825,22.97965036839264,50.13957097888119,-120.98772503936726,63
3.4310664593095135,19.422564422343964,48.8193435435889,-125.95535517444537,79
23.20930034126112,24.88889867063095,50.07951919239369,-123.14638269780782,37
16.42739790111963,34.10152076853135,52.06121792402128,-121.6862718839144,36
24.004092604980947,24.433762951359117,50.139557523900045,-119.55103462638449,92
16.88347258466332,22.937525877894416,49.6972096921413,-121.64603634756482,77
23.754758599335435,14.15898302041655,49.5866428632964,-121.84693640209463,23
23.185267239806553,10.43148652262879,50.12152474834726,-122.75857760978441,87
24.256520387281046,26.813216994317425,50.380769518753795,-119.39265270233237,53
21.808117636768536,21.744176779568697,54.03632821276225,-128.6019031991852,58
38.20853176851307,34.13779196812105,50.86150923720457,-119.66952743217072,78
23.644885395734946,14.779273123281373,59.08315309486643,-114.7989987303128,77
26.4311304645702,8.292975132845266,52.2298120581438,-122.66854917115946,73
36.40951529345691,31.17551928609881,51.777333136351636,-121.66872210828836,30
30.0880031936083,11.787438901171049,50.898238927406126,-122.0692365741054,87
19.307902818428072,29.066226970820342,49.27295565223474,-123.2178047048706,78
19.689320385080652,23.51477142838657,49.36010999568675,-120.07467769683022,62
41.697428214495154,34.37256532782993,49.64368787188967,-120.91957771699718,77
29.531358477571377,23.762847252251948,50.9092754552667,-121.94237923845964,44
27.886444430985996,26.0387860265839,54.038156232203306,-126.33275411593841,74
28.967472114288366,21.57026247974912,49.481070047366124,-122.00661247524404,41
43.75748897371559,32.749771349991434,51.65720013011662,-120.8443874828617,82
27.54157703139268,30.671252509120865,50.904583548779584,-118.46269352509559,40
37.48625611437389,12.587557304090279,51.04830157465193,-118.6624445352003,31
26.410306946973115,25.594502339307944,50.66450472225532,-122.89773341838104,63
50.736356594898446,21.97768120744223,55.5767406320986,-123.30530238530997,94
43.27104456140403,18.990236529021793,48.915182897758626,-124.81989488937603,100
41.289765903826385,20.70683474885121,50.95581007033822,-120.89270354217659,81
26.267616445957866,24.17845555556894,50.59482863358896,-121.76289699772397,97
20.39914711122416,26.605111803870038,51.59832986378433,-136.23674315854956,37
22.56387598203651,32.84127791958817,51.304575072832456,-121.6737790212373,30
25.037962412281804,23.71721373894245,50.21745814105425,-119.24238132173656,42
16.07396243885426,11.362934099370795,50.911371604514635,-121.48679147907954,26
46.56539858866404,35.49588011407041,55.233816651517614,-134.83490697115903,50
21.11017348147278,37.618890522839685,48.48032105582114,-123.35007304046299,44
31.86380681676555,20.001442451550854,50.764380329047654,-136.60408814796867,41
19.108390313287845,34.57275783760732,50.24680182873784,-122.7621953464193,61
24.81253812792142,7.332205964062536,48.32309921762808,-124.82100138083241,28
50.98561378079199,13.257669657764058,50.895798000989586,-122.85999364956587,35
24.897861452741218,26.567576964604903,50.93580141549335,-118.74195970433347,81
34.73461150516938,7.319145946040152,50.77947914965817,-116.52540672523978,75
17.59462112521391,22.594088279394494,55.73273403181087,-128.42789164523546,34
36.98929097765496,32.12148193000411,50.456460422069675,-122.56556159796955,62
29.181585852091253,28.01209669388914,52.50165482235415,-121.21850720068484,75
39.738239097835816,27.530268646801503,57.00351042868344,-122.81384589325845,56
34.69266649792767,18.94907354955561,50.1497777710235,-120.6816208466427,29
26.62280127216047,21.873973402918242,51.48050760688136,-121.71767364993299,31
34.78118002525831,28.618224904999614,51.34364087714452,-121.66872604096578,37
32.311311787230366,25.69482963530928,52.42302750155836,-121.35599603267855,87
41.52466964410086,31.243519408784252,51.94356764945332,-122.02745791228294,73
25.13247836235433,37.447627904287096,50.723552096454405,-122.70053190178211,64
33.81597818592578,24.700079937133744,50.435898189869114,-121.24635836228607,84
36.722388874134055,6.205991938919878,48.60047556006922,-124.23253409614279,89
32.61611287759214,24.58418948853567,49.93612652091477,-121.45782225489671,39
36.598089042995746,15.358011640435585,52.99007251967945,-121.74400235435566,71
38.814339821535356,10.53953470334186,49.6725156880643,-119.95979359362998,79
40.61528883182536,20.61450483102725,50.19604606754943,-120.29948281649361,62
15.862791563315277,18.948003937192844,52.08021483021405,-122.40308888619215,56
23.749136497696792,19.944075808232153,52.703533135078075,-122.028728109625,76
33.00953235041316,32.051830776585334,50.94279976159849,-121.85545052488592,96
41.3043172101977,15.121935870273852,52.10275385371069,-120.3342865461979,66
35.06888053288866,11.788909023817622,50.3018007577282,-121.98217174569264,76
9.843165480158275,18.558767855786513,48.36410111086949,-125.73755921113491,81
18.065119367134464,33.73880885414955,49.84365951164247,-121.77762765588402,32
31.23990143466211,31.038406290577747,51.6956937274919,-122.24203788254445,36
34.68405384367338,30.029314713154275,49.64320849940306,-119.62963070248479,50
32.358116662301136,28.801588240013544,49.95029332379287,-121.96850492340128,86
36.385017291709836,27.474894065494507,50.57720066279448,-122.85261226599617,84
38.97950840684592,24.291660741231723,55.03743358037856,-129.7438659567987,41
28.862539287110526,11.851508456095988,53.982546966583946,-127.09622446223939,32
26.204562163073753,34.91761644448869,51.419682436696675,-121.99030039918682,67
35.22726491507052,35.39759136923316,48.38008399770914,-123.53779154083766,37
30.162093255733502,30.35387812069208,49.64359783760453,-119.31944871331407,38
34.11205629995317,35.8458829781111,49.599735049534125,-119.66732919586045,89
29.795867015156578,40.766962471315274,51.808893085054265,-121.531655258822,51
42.83532889358199,19.92416885825672,51.2326912993486,-121.75478945888297,96
47.03066932237313,18.516158873108214,49.13284262380575,-118.79163718612443,45
20.9945960942273,47.54108881155178,50.757159568230335,-122.71318880999753,39
46.1826739044045,33.21837889393108,48.995420229569426,-131.19370741747724,61
57.03500714842923,28.74870277049596,50.69835002868611,-120.34670397365294,27
15.463919496727474,20.219818320051488,55.378848177318744,-125.25683311132808,28
39.73808648658533,22.681695163771376,52.73560644050167,-121.0168442702392,57
16.77699042410525,29.21454963527237,50.938227732924894,-119.39861112996053,41
41.478067190777445,19.470363677834715,48.54010768697328,-125.19461747582179,26
20.62722543710043,16.274061772694953,50.66030527190849,-119.22846993133567,64
35.416230080966706,25.598449909060065,49.9177686510491,-119.5006851788178,39
30.07408328012019,36.29882287655702,51.582830485265056,-122.60890836015106,48
5.42286376970188,25.810526856142907,52.02486889952386,-120.94493769143433,22
41.602630449291205,13.296705301243666,52.266656760969546,-122.84923309195128,98
22.698588556414943,21.804983874151286,57.39810934513147,-126.24563180432574,32
54.97972072523273,37.88431257382576,49.31232599790877,-124.79877405618731,71
41.906725668746105,25.032036390841466,50.236864396941904,-119.39250428258921,51
26.894338256296475,17.022928338656367,50.62981593389963,-120.59886361174439,68
24.48382116876874,21.39791367470772,49.589576681752725,-121.27632920820069,57
41.636326160217635,20.048542056672503,55.562179274164166,-126.8972851460841,94
43.6789337121813,27.97906101521686,51.95110780682459,-121.25918191045044,94
34.93919518199149,19.54417999722663,51.180996529525714,-122.74585293744622,65
42.327354816258264,40.47857028554264,50.83851812267467,-121.33365911696926,41
28.556959443424468,27.258229700243373,52.419775495026855,-122.69307774267938,32
31.793084760082746,5.516010708206746,50.23162463546605,-119.26301696868008,76
42.78376630427822,19.880282227626243,52.4299218722269,-116.8712337127134,31
28.29850464500829,20.968582860126816,50.404970933851814,-122.13718129187392,27
35.31486617456127,28.970636180120053,49.33919440111817,-123.26025939824834,94
37.647662678174655,31.59910302161441,49.10558656141159,-124.48611188095872,98
27.651603004884304,26.206527581389444,54.44110537627111,-122.6696227150111,30
36.29004406635508,22.405345459052995,50.30906526840877,-119.76857236667897,94
29.055857621349578,47.019279022323836,49.185913393325976,-125.86015900618655,74
18.345212678444675,44.31635323168328,51.52572810320947,-123.1538252341188,42
46.97692755558834,14.85406341145354,49.57854280685246,-119.52729902361182,32
21.734209030289144,7.992803695301421,51.47172575207702,-120.23843948927387,98
30.36372931835646,26.913110246722894,49.94597237776021,-121.12165649350541,71
31.651090995492357,33.60338126376969,50.23831719048011,-119.27672565659324,94
32.37046371567157,23.203099179192375,51.17040485197177,-123.36868252370833,57
38.6256078436166,18.89636078895549,50.44219703595615,-121.81452710776423,45
40.42142931060443,28.337227156666334,51.68158232854665,-120.8745251797977,90
13.016501377035008,2.2774546158221955,49.24385437343061,-119.92949253157553,55
3.14259238166777,26.84175203373251,50.846056549539284,-119.30025281654859,98
41.08293554166824,26.634990823284454,51.74932332695639,-120.82687516086963,94
23.56325963599373,27.36284090132908,48.75525250155224,-137.0160245823975,100
28.38816969272032,16.878850990734392,49.47520945100273,-121.61723859766659,61
31.952632624803005,42.644512374639966,50.262656367362005,-121.80730997828128,74
22.231698650018537,10.421574360096168,52.1239832391767,-120.55776175755642,24
27.331130465488183,28.427041792071936,51.40469115161946,-122.37777394810823,95
39.55865996786873,30.722021249535132,55.54460652286782,-126.59270516435191,92
19.251770068909558,26.080373835086963,55.80169200126618,-129.51136315108604,74
37.454373392624646,26.633478910291664,51.08366949221079,-121.31963980539646,36
18.303846683248292,27.380054538233633,53.105057287461214,-121.88870883278803,94
18.92849107185524,22.434877844059287,58.77052023174668,-131.8111287081114,37
39.34089904063146,11.601969958613564,55.675795824673095,-127.28774076807744,25
34.41765951317466,27.896656922347205,51.51319583300878,-123.34158423222182,51
48.3989813292109,21.184780904022176,49.16951227809451,-123.42691834685279,94
9.558906907174249,7.25613708842093,52.44524423421493,-122.249767941643,63
16.486520115428245,31.53096402300713,50.809284781686266,-122.11964372073977,40
20.98632834214303,28.8945674414494,50.930681786627744,-122.51512997568254,29
31.35805165987501,34.296640951766584,49.27408532101873,-125.13745793675712,52
11.069389000232878,27.840319338663228,50.85553886329371,-121.65051200145595,70
29.632717772198443,12.276999394558716,51.811486689889804,-122.01578809913958,95
33.25522459954561,16.698139322112652,49.95326357606011,-121.94545693901524,93
18.075290963664564,34.97847088602839,50.475988793527755,-122.5197657861485,97
27.237530335266893,20.510778837894076,50.370133122410564,-119.67093581402943,78
22.85816235827078,31.71862178855284,48.414036721175655,-124.68735883090072,22
28.93812231425964,27.44029629640447,52.04314341580017,-122.29054312484996,24
33.10316363471324,19.20752417695805,49.06365836987914,-123.81819663872382,61
17.30092237204535,16.133374128741337,51.746317701272126,-122.36358598612365,93
33.512251673088485,21.500620949636726,51.657974007306485,-121.42659664246102,94
